phase,url,source_file,page_type,local_status,production_status,indexable,robots_directives,canonical,canonical_target_status,title,title_length,meta_description,description_length,h1,heading_structure,word_count,lang,published_date,modified_date,author,breadcrumbs,schema_types,internal_inbound_links,internal_outbound_links,external_outbound_links,broken_internal_links,broken_external_links,image_count,missing_alt,missing_dimensions,page_depth,orphan,sitemap_included,duplicate_title,duplicate_description,content_hash,issues
after,https://presentations.kujolang.ai/404.html,404.html,404.html,200,200,False,"noindex,follow",,WRONG_OR_MISSING_ORIGIN,Not found — Kujo Presentations,30,,0,That slide is not here.,"[[""h1"", ""That slide is not here.""]]",16,en,,,,,[],0,1,0,0,NOT VERIFIED,0,0,0,,True,False,False,False,f025f6ca4309c17c337a517a5fb42ddc4cbb64985a84b4f95708df64fdf0e11c,missing description
after,https://presentations.kujolang.ai/,index.html,overview,200,200,True,,https://presentations.kujolang.ai/,200,"Kujo Presentations — Slides, authored for the web",49,"Explore four complete Kujo Presentations demos: the original media deck, an investor pitch, a consumer company overview, and an AI workforce research report.",157,One presentation layer. Infinite ways to tell the story.,"[[""h1"", ""One presentation layer. Infinite ways to tell the story.""]]",128,en,,,,,"[""WebSite"", ""Organization"", ""CollectionPage""]",2,6,0,0,NOT VERIFIED,5,0,0,0,False,True,False,False,df632d06d64647ef324afc35a017ffe74447e72df6bcdac5e1b6e995852e0ab8,
after,https://presentations.kujolang.ai/investor/1/,investor/1/index.html,investor/1,200,200,True,,https://presentations.kujolang.ai/investor/1/,200,"2027
Investor Briefing — Vela Investor Briefing",47,"A premium membership network built around the way people travel, dine and do business.",86,"2027
Investor Briefing","[[""h1"", ""2027\nInvestor Briefing""]]",79,en,,,,,"[""WebPage""]",4,5,0,0,NOT VERIFIED,0,0,0,2,False,True,False,False,0e059ce3f7ac3e9862adb4c22b41e4e65abdfec4fb67453aa3eca4612ee1559a,
after,https://presentations.kujolang.ai/investor/2/,investor/2/index.html,investor/2,200,200,True,,https://presentations.kujolang.ai/investor/2/,200,Four strengths power one durable model — Vela Investor Briefing,63,Vela connects premium members and partners through products people choose to keep using.,88,Four strengths power one durable model,"[[""h1"", ""Four strengths power one durable model""], [""h2"", ""Premium members""], [""h2"", ""Membership model""], [""h2"", ""Service culture""], [""h2"", ""Partner network""]]",118,en,,,,,"[""WebPage""]",5,6,0,0,NOT VERIFIED,0,0,0,2,False,True,False,False,c2cabe5fda4e0fd461beae2fe1f9c2a90600408ccb4a6558ac1f002dcfdc9c59,
after,https://presentations.kujolang.ai/investor/3/,investor/3/index.html,investor/3,200,200,True,,https://presentations.kujolang.ai/investor/3/,200,"A large, durable runway — Vela Investor Briefing",48,"Premium digital spend expands as travel returns, younger members enter the category and more commerce moves across borders.",123,"A large, durable runway","[[""h1"", ""A large, durable runway""]]",104,en,,,,,"[""WebPage""]",5,6,0,0,NOT VERIFIED,0,0,0,2,False,True,False,False,2000c6555d01610a0c62b47ef914245e3364dedb519e6f626e41f2cdeb0f62e6,
after,https://presentations.kujolang.ai/investor/4/,investor/4/index.html,investor/4,200,200,True,,https://presentations.kujolang.ai/investor/4/,200,Membership is the growth engine — Vela Investor Briefing,56,"Useful products earn a place in everyday life. Better experiences increase engagement, which attracts stronger partners and funds the next refresh.",147,Membership is the growth engine,"[[""h1"", ""Membership is the growth engine""], [""h2"", ""Acquire""], [""h2"", ""Engage""], [""h2"", ""Renew""]]",108,en,,,,,"[""WebPage""]",5,6,0,0,NOT VERIFIED,1,0,1,2,False,True,False,False,1a927622a3d4ddb348609c3bd1d9fd82ca0a7612ac5ac72bc1e595418fed60d5,
after,https://presentations.kujolang.ai/investor/404.html,investor/404.html,investor/404.html,200,200,False,"noindex,follow",,WRONG_OR_MISSING_ORIGIN,Slide not found,15,This page was not found. Open the presentation overview to choose a slide.,74,Slide not found,"[[""h1"", ""Slide not found""]]",18,en,,,,,[],1,2,0,0,NOT VERIFIED,0,0,0,,True,False,True,True,e3c5dcd7b2a6b8fce8c91dbc683692308004441756d3691ed5a6cda236111cc3,
after,https://presentations.kujolang.ai/investor/5/,investor/5/index.html,investor/5,200,200,True,,https://presentations.kujolang.ai/investor/5/,200,Designed for the members shaping spend — Vela Investor Briefing,63,Vela focuses on customers whose expectations pull the category forward.,71,Designed for the members shaping spend,"[[""h1"", ""Designed for the members shaping spend""], [""h2"", ""Global""], [""h2"", ""Digital-first""], [""h2"", ""Experience-led""], [""h2"", ""Long-term""]]",106,en,,,,,"[""WebPage""]",5,6,0,0,NOT VERIFIED,0,0,0,2,False,True,False,False,8db8f01934dabcb659008273f0e9d88a2556267d5c7774f1546c89ef877a4bbd,
after,https://presentations.kujolang.ai/investor/6/,investor/6/index.html,investor/6,200,200,True,,https://presentations.kujolang.ai/investor/6/,200,Value that travels beyond the card — Vela Investor Briefing,59,"The strongest benefits solve real moments: where to stay, where to eat and who can help when plans change.",106,Value that travels beyond the card,"[[""h1"", ""Value that travels beyond the card""], [""h2"", ""Travel \u00b7 Dining \u00b7 Service""]]",103,en,,,,,"[""WebPage""]",5,6,0,0,NOT VERIFIED,1,0,1,2,False,True,False,False,498a676ba42d10409c6ceb4b94b73d49ec83cfd9a6be7548b5e5a8747f06c74f,
after,https://presentations.kujolang.ai/investor/7/,investor/7/index.html,investor/7,200,200,True,,https://presentations.kujolang.ai/investor/7/,200,A balanced revenue model — Vela Investor Briefing,49,Four complementary streams reduce dependence on any single behavior while keeping the member relationship at the center.,120,A balanced revenue model,"[[""h1"", ""A balanced revenue model""]]",97,en,,,,,"[""WebPage""]",5,6,0,0,NOT VERIFIED,0,0,0,2,False,True,False,False,590438c110d98d5b3bb613629c734359e182622aac5eacf9e066e4cc9a89f61d,
after,https://presentations.kujolang.ai/investor/8/,investor/8/index.html,investor/8,200,200,True,,https://presentations.kujolang.ai/investor/8/,200,Investment compounds the advantage — Vela Investor Briefing,59,Vela reinvests in member value and service while keeping a disciplined operating frame.,87,Investment compounds the advantage,"[[""h1"", ""Investment compounds the advantage""], [""h2"", ""Acquire well""], [""h2"", ""Engage deeply""], [""h2"", ""Scale carefully""]]",101,en,,,,,"[""WebPage""]",5,6,0,0,NOT VERIFIED,1,0,1,2,False,True,False,False,2433e731112537a1fe34d78f4ba684266e6ec54a830b1daebbcbeb842c2b2eaf,
after,https://presentations.kujolang.ai/investor/9/,investor/9/index.html,investor/9,200,200,True,,https://presentations.kujolang.ai/investor/9/,200,"Membership is
the advantage. — Vela Investor Briefing",53,Vela is an original fictional investor story created with Kujo Presentations.,77,"Membership is
the advantage.","[[""h1"", ""Membership is\nthe advantage.""]]",73,en,,,,,"[""WebPage""]",4,5,0,0,NOT VERIFIED,0,0,0,2,False,True,False,False,fc20e78f2fc7992b57e5af83d48422a03c174d2d175d8ee251ec35ff5bada680,
after,https://presentations.kujolang.ai/investor/,investor/index.html,investor,200,200,True,,https://presentations.kujolang.ai/investor/,200,Vela Investor Briefing,22,A fictional premium membership and payments investor narrative inspired by the discipline of leading financial presentations.,125,Vela Investor Briefing,"[[""h1"", ""Vela Investor Briefing""]]",609,en,,,,,"[""WebPage""]",13,12,0,0,NOT VERIFIED,3,0,3,1,False,True,False,False,646ccd6a77ad1071877f6bb801f814d70709e1cac1923b0052299f6924963aac,
after,https://presentations.kujolang.ai/investor/presenter/,investor/presenter/index.html,investor/presenter,200,200,False,"noindex,follow",https://presentations.kujolang.ai/investor/presenter/,200,Vela Investor Briefing — Presenter,34,Presenter controls for Vela Investor Briefing,45,Presenter console,"[[""h1"", ""Presenter console""], [""h2"", ""Private speaker notes""], [""h2"", ""Elapsed time""]]",49,en,,,,,"[""WebPage""]",1,1,0,0,NOT VERIFIED,0,0,0,,True,False,False,False,bb555199e7dfbbd052898c1bb67c08115389778782d1b1244582188e0f4be82d,
after,https://presentations.kujolang.ai/investor/print/,investor/print/index.html,investor/print,200,200,False,"noindex,follow",https://presentations.kujolang.ai/investor/print/,200,Vela Investor Briefing — Print,30,Printable slides for Vela Investor Briefing,43,"2027
Investor Briefing | Four strengths power one durable model | A large, durable runway | Membership is the growth engine | Designed for the members shaping spend | Value that travels beyond the card | A balanced revenue model | Investment compounds the advantage | Membership is
the advantage.","[[""h1"", ""2027\nInvestor Briefing""], [""h1"", ""Four strengths power one durable model""], [""h2"", ""Premium members""], [""h2"", ""Membership model""], [""h2"", ""Service culture""], [""h2"", ""Partner network""], [""h1"", ""A large, durable runway""], [""h1"", ""Membership is the growth engine""], [""h2"", ""Acquire""], [""h2"", ""Engage""], [""h2"", ""Renew""], [""h1"", ""Designed for the members shaping spend""], [""h2"", ""Global""], [""h2"", ""Digital-first""], [""h2"", ""Experience-led""], [""h2"", ""Long-term""], [""h1"", ""Value that travels beyond the card""], [""h2"", ""Travel \u00b7 Dining \u00b7 Service""], [""h1"", ""A balanced revenue model""], [""h1"", ""Investment compounds the advantage""], [""h2"", ""Acquire well""], [""h2"", ""Engage deeply""], [""h2"", ""Scale carefully""], [""h1"", ""Membership is\nthe advantage.""]]",522,en,,,,,"[""WebPage""]",10,1,0,0,NOT VERIFIED,3,0,3,3,False,False,False,False,abaf4fc1e0d80e065a9386bd949bd519df7a19afdcba350dc3f67f03807287ad,
after,https://presentations.kujolang.ai/investor/reading/,investor/reading/index.html,investor/reading,200,200,True,,https://presentations.kujolang.ai/investor/reading/,200,Vela Investor Briefing — Read text,34,Read the complete presentation: A fictional premium membership and payments investor narrative inspired by the discipline of leading financial presentations.,157,Vela Investor Briefing,"[[""h1"", ""Vela Investor Briefing""], [""h2"", ""1. 2027\nInvestor Briefing""], [""h2"", ""2. Four strengths power one durable model""], [""h3"", ""Premium members""], [""h3"", ""Membership model""], [""h3"", ""Service culture""], [""h3"", ""Partner network""], [""h2"", ""3. A large, durable runway""], [""h2"", ""4. Membership is the growth engine""], [""h3"", ""Acquire""], [""h3"", ""Engage""], [""h3"", ""Renew""], [""h2"", ""5. Designed for the members shaping spend""], [""h3"", ""Global""], [""h3"", ""Digital-first""], [""h3"", ""Experience-led""], [""h3"", ""Long-term""], [""h2"", ""6. Value that travels beyond the card""], [""h3"", ""Travel \u00b7 Dining \u00b7 Service""], [""h2"", ""7. A balanced revenue model""], [""h2"", ""8. Investment compounds the advantage""], [""h3"", ""Acquire well""], [""h3"", ""Engage deeply""], [""h3"", ""Scale carefully""], [""h2"", ""9. Membership is\nthe advantage.""]]",492,en,,,,,"[""WebPage""]",11,11,0,0,NOT VERIFIED,0,0,0,2,False,True,False,False,0dee59475e14ec36749485fa098e9b90465862f88cfb67eab674b306092b58b1,
after,https://presentations.kujolang.ai/live-talk/1/,live-talk/1/index.html,live-talk/1,200,200,True,,https://presentations.kujolang.ai/live-talk/1/,200,"AI at Work:
Adoption Rises,
but Value Lags — AI at Work: Adoption Rises, but Value Lags",87,A fictional workforce study on the gap between access and meaningful use.,73,"AI at Work:
Adoption Rises,
but Value Lags","[[""h1"", ""AI at Work:\nAdoption Rises,\nbut Value Lags""]]",95,en,,,,,"[""WebPage""]",4,5,0,0,NOT VERIFIED,1,0,1,2,False,True,False,False,67656333794020ff6d94c99fd7015471636b950aa918cf4f39f575132a815c22,
after,https://presentations.kujolang.ai/live-talk/2/,live-talk/2/index.html,live-talk/2,200,200,True,,https://presentations.kujolang.ai/live-talk/2/,200,"Survey parameters — AI at Work: Adoption Rises, but Value Lags",62,A fictional cross-market sample designed to show a consulting research profile.,79,Survey parameters,"[[""h1"", ""Survey parameters""], [""h2"", ""11,240""], [""h2"", ""10""], [""h2"", ""03""], [""h2"", ""Q2 2026""]]",95,en,,,,,"[""WebPage""]",5,6,0,0,NOT VERIFIED,0,0,0,2,False,True,False,False,072da816b0c9bce440f4a6fdd3f8cf9850b73a5b43121aa69f90c141f4e95d3d,
after,https://presentations.kujolang.ai/live-talk/3/,live-talk/3/index.html,live-talk/3,200,200,True,,https://presentations.kujolang.ai/live-talk/3/,200,"Four findings from the workforce — AI at Work: Adoption Rises, but Value Lags",77,Access has spread faster than the practices that turn AI into dependable value.,79,Four findings from the workforce,"[[""h1"", ""Four findings from the workforce""], [""h2"", ""Use is common""], [""h2"", ""Frontline use trails""], [""h2"", ""Training is thin""], [""h2"", ""Workflows lag""]]",126,en,,,,,"[""WebPage""]",5,6,0,0,NOT VERIFIED,0,0,0,2,False,True,False,False,0034703497418e1e28be06d5cdabdd1ab563e9a461d5aa8b48cb36c207b9b94f,
after,https://presentations.kujolang.ai/live-talk/4/,live-talk/4/index.html,live-talk/4,200,200,True,,https://presentations.kujolang.ai/live-talk/4/,200,"Adoption is high, but frontline use has stalled — AI at Work: Adoption Rises, but Value Lags",92,"Regular AI use rises with seniority, leaving the employees closest to daily operations behind.",94,"Adoption is high, but frontline use has stalled","[[""h1"", ""Adoption is high, but frontline use has stalled""]]",110,en,,,,,"[""WebPage""]",5,6,0,0,NOT VERIFIED,0,0,0,2,False,True,False,False,d75e1b23c1da2e3de10bd86ea1b85965e387298e133f0fe27a8685b28a4522eb,
after,https://presentations.kujolang.ai/live-talk/404.html,live-talk/404.html,live-talk/404.html,200,200,False,"noindex,follow",,WRONG_OR_MISSING_ORIGIN,Slide not found,15,This page was not found. Open the presentation overview to choose a slide.,74,Slide not found,"[[""h1"", ""Slide not found""]]",18,en,,,,,[],1,2,0,0,NOT VERIFIED,0,0,0,,True,False,True,True,e3c5dcd7b2a6b8fce8c91dbc683692308004441756d3691ed5a6cda236111cc3,
after,https://presentations.kujolang.ai/live-talk/5/,live-talk/5/index.html,live-talk/5,200,200,True,,https://presentations.kujolang.ai/live-talk/5/,200,"Time savings depend on the work — AI at Work: Adoption Rises, but Value Lags",76,Employees report the largest gains in repeatable administrative tasks and the smallest gains in professional development.,121,Time savings depend on the work,"[[""h1"", ""Time savings depend on the work""]]",120,en,,,,,"[""WebPage""]",5,6,0,0,NOT VERIFIED,0,0,0,2,False,True,False,False,db2e60674669f8eaea39e3e7b074f06d4bef172bf1e88df8bea2c47ca586affe,
after,https://presentations.kujolang.ai/live-talk/6/,live-talk/6/index.html,live-talk/6,200,200,True,,https://presentations.kujolang.ai/live-talk/6/,200,"Three barriers shape adoption — AI at Work: Adoption Rises, but Value Lags",74,"Employees need practical instruction, approved tools, and visible support from leaders.",87,Three barriers shape adoption,"[[""h1"", ""Three barriers shape adoption""], [""h2"", ""38% lack practical training""], [""h2"", ""34% lack approved tools""], [""h2"", ""27% lack leadership support""]]",121,en,,,,,"[""WebPage""]",5,6,0,0,NOT VERIFIED,0,0,0,2,False,True,False,False,d41c565ca23b1798a9d4358adb2d01db49425082772a995238f5d7b6900ac48f,
after,https://presentations.kujolang.ai/live-talk/7/,live-talk/7/index.html,live-talk/7,200,200,True,,https://presentations.kujolang.ai/live-talk/7/,200,"Workflow redesign remains uneven — AI at Work: Adoption Rises, but Value Lags",77,Most companies deploy AI inside existing processes. Fewer reshape the work or invent a different model.,103,Workflow redesign remains uneven,"[[""h1"", ""Workflow redesign remains uneven""]]",102,en,,,,,"[""WebPage""]",5,6,0,0,NOT VERIFIED,0,0,0,2,False,True,False,False,6cd505068d70d847d15dfa87a5b92a04182b6e9525b9948770cb4448afbdb852,
after,https://presentations.kujolang.ai/live-talk/8/,live-talk/8/index.html,live-talk/8,200,200,True,,https://presentations.kujolang.ai/live-talk/8/,200,"AI agents show promise, but understanding remains low — AI at Work: Adoption Rises, but Value Lags",98,"Interest is broad. Familiarity with governance, limits, and day-to-day use remains narrow.",90,"AI agents show promise, but understanding remains low","[[""h2"", ""31% understand agents""], [""h2"", ""42% worry about oversight""], [""h1"", ""AI agents show promise, but understanding remains low""]]",116,en,,,,,"[""WebPage""]",5,6,0,0,NOT VERIFIED,0,0,0,2,False,True,False,False,8507575d8621f9df0a1fd0105bac7e6e287ca6b2657d3da5f428d1385beae145,
after,https://presentations.kujolang.ai/live-talk/9/,live-talk/9/index.html,live-talk/9,200,200,True,,https://presentations.kujolang.ai/live-talk/9/,200,"Four priorities for leaders — AI at Work: Adoption Rises, but Value Lags",72,The next phase depends on practical capability and deliberate workflow choices.,79,Four priorities for leaders,"[[""h1"", ""Four priorities for leaders""], [""h2"", ""Train for the work""], [""h2"", ""Measure value""], [""h2"", ""Redesign workflows""], [""h2"", ""Test agents carefully""]]",120,en,,,,,"[""WebPage""]",4,5,0,0,NOT VERIFIED,0,0,0,2,False,True,False,False,ddff5322cf831015d4770d3d8e8fd171015ba381bf5d30818d345f89502f584b,
after,https://presentations.kujolang.ai/live-talk/,live-talk/index.html,live-talk,200,200,True,,https://presentations.kujolang.ai/live-talk/,200,"AI at Work: Adoption Rises, but Value Lags",42,"A fictional workforce research report on enterprise AI adoption, training, workflow redesign, and AI agents.",108,"AI at Work: Adoption Rises, but Value Lags","[[""h1"", ""AI at Work: Adoption Rises, but Value Lags""]]",692,en,,,,,"[""WebPage""]",13,12,0,0,NOT VERIFIED,1,0,1,1,False,True,False,False,2e9d64b04589429932e9ea550fb31ab6a1bfa714f19428ead4804689cc0671ef,
after,https://presentations.kujolang.ai/live-talk/presenter/,live-talk/presenter/index.html,live-talk/presenter,200,200,False,"noindex,follow",https://presentations.kujolang.ai/live-talk/presenter/,200,"AI at Work: Adoption Rises, but Value Lags — Presenter",54,"Presenter controls for AI at Work: Adoption Rises, but Value Lags",65,Presenter console,"[[""h1"", ""Presenter console""], [""h2"", ""Private speaker notes""], [""h2"", ""Elapsed time""]]",54,en,,,,,"[""WebPage""]",1,1,0,0,NOT VERIFIED,0,0,0,,True,False,False,False,838e63e7ca70c4139a693628ae5ef0c101897590cc09d088e0b23939bfc823ef,
after,https://presentations.kujolang.ai/live-talk/print/,live-talk/print/index.html,live-talk/print,200,200,False,"noindex,follow",https://presentations.kujolang.ai/live-talk/print/,200,"AI at Work: Adoption Rises, but Value Lags — Print",50,"Printable slides for AI at Work: Adoption Rises, but Value Lags",63,"AI at Work:
Adoption Rises,
but Value Lags | Survey parameters | Four findings from the workforce | Adoption is high, but frontline use has stalled | Time savings depend on the work | Three barriers shape adoption | Workflow redesign remains uneven | AI agents show promise, but understanding remains low | Four priorities for leaders","[[""h1"", ""AI at Work:\nAdoption Rises,\nbut Value Lags""], [""h1"", ""Survey parameters""], [""h2"", ""11,240""], [""h2"", ""10""], [""h2"", ""03""], [""h2"", ""Q2 2026""], [""h1"", ""Four findings from the workforce""], [""h2"", ""Use is common""], [""h2"", ""Frontline use trails""], [""h2"", ""Training is thin""], [""h2"", ""Workflows lag""], [""h1"", ""Adoption is high, but frontline use has stalled""], [""h1"", ""Time savings depend on the work""], [""h1"", ""Three barriers shape adoption""], [""h2"", ""38% lack practical training""], [""h2"", ""34% lack approved tools""], [""h2"", ""27% lack leadership support""], [""h1"", ""Workflow redesign remains uneven""], [""h2"", ""31% understand agents""], [""h2"", ""42% worry about oversight""], [""h1"", ""AI agents show promise, but understanding remains low""], [""h1"", ""Four priorities for leaders""], [""h2"", ""Train for the work""], [""h2"", ""Measure value""], [""h2"", ""Redesign workflows""], [""h2"", ""Test agents carefully""]]",591,en,,,,,"[""WebPage""]",10,1,0,0,NOT VERIFIED,1,0,1,3,False,False,False,False,2083ba83eac491062a95cf30ec443f392796846e7e57f38332a7c96ce70b22b0,
after,https://presentations.kujolang.ai/live-talk/reading/,live-talk/reading/index.html,live-talk/reading,200,200,True,,https://presentations.kujolang.ai/live-talk/reading/,200,"AI at Work: Adoption Rises, but Value Lags — Read text",54,"Read the complete presentation: A fictional workforce research report on enterprise AI adoption, training, workflow redesign, and AI agents.",140,"AI at Work: Adoption Rises, but Value Lags","[[""h1"", ""AI at Work: Adoption Rises, but Value Lags""], [""h2"", ""1. AI at Work:\nAdoption Rises,\nbut Value Lags""], [""h2"", ""2. Survey parameters""], [""h3"", ""11,240""], [""h3"", ""10""], [""h3"", ""03""], [""h3"", ""Q2 2026""], [""h2"", ""3. Four findings from the workforce""], [""h3"", ""Use is common""], [""h3"", ""Frontline use trails""], [""h3"", ""Training is thin""], [""h3"", ""Workflows lag""], [""h2"", ""4. Adoption is high, but frontline use has stalled""], [""h2"", ""5. Time savings depend on the work""], [""h2"", ""6. Three barriers shape adoption""], [""h3"", ""38% lack practical training""], [""h3"", ""34% lack approved tools""], [""h3"", ""27% lack leadership support""], [""h2"", ""7. Workflow redesign remains uneven""], [""h2"", ""8. AI agents show promise, but understanding remains low""], [""h3"", ""31% understand agents""], [""h3"", ""42% worry about oversight""], [""h2"", ""9. Four priorities for leaders""], [""h3"", ""Train for the work""], [""h3"", ""Measure value""], [""h3"", ""Redesign workflows""], [""h3"", ""Test agents carefully""]]",518,en,,,,,"[""WebPage""]",11,11,0,0,NOT VERIFIED,0,0,0,2,False,True,False,False,866d0da5aaae6157fd4ccb4d7a7dae932c499c919ef7d84a03e59bed02848491,
after,https://presentations.kujolang.ai/original/1/,original/1/index.html,original/1,200,200,True,,https://presentations.kujolang.ai/original/1/,200,"Innovating media
for a digital age — A new perspective on media",63,We connect bold ideas with curious audiences. Independent thinking. Meaningful stories. Made for the way the world moves.,121,"Innovating media
for a digital age","[[""h1"", ""Innovating media\nfor a digital age""]]",101,en,,,,,"[""WebPage""]",4,5,0,0,NOT VERIFIED,2,0,2,2,False,True,False,False,295bfbd57b4a53419b7128053426c70fe74cb5c5da81f1b4d8ab24c4468b1ec6,
after,https://presentations.kujolang.ai/original/2/,original/2/index.html,original/2,200,200,True,,https://presentations.kujolang.ai/original/2/,200,"Presentation
content index — A new perspective on media",55,"From a shared challenge to a lasting impact. A closer look at the ideas, people and possibilities shaping our next chapter.",123,"Presentation
content index","[[""h1"", ""Presentation\ncontent index""], [""h2"", ""The challenge""], [""h2"", ""Our approach""], [""h2"", ""The opportunity""], [""h2"", ""Our difference""], [""h2"", ""How we grow""], [""h2"", ""What comes next""]]",137,en,,,,,"[""WebPage""]",5,6,0,0,NOT VERIFIED,0,0,0,2,False,True,False,False,c32baf53598bf85a0b97115f23f7dedbe07b1608c11af069717525a8289f3a08,
after,https://presentations.kujolang.ai/original/3/,original/3/index.html,original/3,200,200,True,,https://presentations.kujolang.ai/original/3/,200,"Problem
statement — A new perspective on media",46,More content. Less connection. The media landscape has never been louder—or harder to navigate.,95,"Problem
statement","[[""h1"", ""Problem\nstatement""], [""h2"", ""Attention is fragmented""], [""h2"", ""Trust needs to be earned""], [""h2"", ""One size does not fit all""]]",125,en,,,,,"[""WebPage""]",5,6,0,0,NOT VERIFIED,1,0,1,2,False,True,False,False,97a4d9271cbd2f9484d600490b85505aef0e536093712c031c981ac569a409d9,
after,https://presentations.kujolang.ai/original/4/,original/4/index.html,original/4,200,200,True,,https://presentations.kujolang.ai/original/4/,200,"Our solutions for
lasting impact — A new perspective on media",61,Build with intention. We bring editorial care and creative experimentation together to make work that stays with people.,120,"Our solutions for
lasting impact","[[""h2"", ""Start with people""], [""h2"", ""Make every format count""], [""h2"", ""Learn and improve""], [""h1"", ""Our solutions for\nlasting impact""]]",136,en,,,,,"[""WebPage""]",5,6,0,0,NOT VERIFIED,1,0,1,2,False,True,False,False,8b7b4e2c1a106306530e5d64b231f659b6b53096392b7b315d20ffce503ef346,
after,https://presentations.kujolang.ai/original/404.html,original/404.html,original/404.html,200,200,False,"noindex,follow",,WRONG_OR_MISSING_ORIGIN,Slide not found,15,This page was not found. Open the presentation overview to choose a slide.,74,Slide not found,"[[""h1"", ""Slide not found""]]",18,en,,,,,[],1,2,0,0,NOT VERIFIED,0,0,0,,True,False,True,True,e3c5dcd7b2a6b8fce8c91dbc683692308004441756d3691ed5a6cda236111cc3,
after,https://presentations.kujolang.ai/original/5/,original/5/index.html,original/5,200,200,True,,https://presentations.kujolang.ai/original/5/,200,Market opportunity — A new perspective on media,47,A connected generation is choosing media on its own terms. There is room for a more thoughtful kind of publisher.,113,Market opportunity,"[[""h1"", ""Market opportunity""]]",110,en,,,,,"[""WebPage""]",5,6,0,0,NOT VERIFIED,0,0,0,2,False,True,False,False,54d7b08fa8bff322cc9e1f327760900665681acc041c84ef70e8c7f6a01dfbe8,
after,https://presentations.kujolang.ai/original/6/,original/6/index.html,original/6,200,200,True,,https://presentations.kujolang.ai/original/6/,200,"Unique value
proposition — A new perspective on media",53,Independent perspective. Connected thinking. A creative partner that sees the whole picture and cares about every detail.,121,"Unique value
proposition","[[""h1"", ""Unique value\nproposition""], [""h2"", ""Human by design""], [""h2"", ""Culture in context""], [""h2"", ""Built to connect""], [""h2"", ""Lasting relevance""]]",144,en,,,,,"[""WebPage""]",5,6,0,0,NOT VERIFIED,0,0,0,2,False,True,False,False,4b2b18e8adc8c4567fcf2d69b5b31076538e9fc77ab5dc646f0a95286a270e37,
after,https://presentations.kujolang.ai/original/7/,original/7/index.html,original/7,200,200,True,,https://presentations.kujolang.ai/original/7/,200,"Business
model — A new perspective on media",43,"A balanced model that supports independent creativity and shared, sustainable growth.",85,"Business
model","[[""h1"", ""Business\nmodel""], [""h2"", ""Membership""], [""h2"", ""Creative partnerships""], [""h2"", ""Licensing & distribution""]]",114,en,,,,,"[""WebPage""]",5,6,0,0,NOT VERIFIED,1,0,1,2,False,True,False,False,4b4d703058e6c9e816f651a5318e94cc0800c97aae24a13a4ae29990958dfbdf,
after,https://presentations.kujolang.ai/original/8/,original/8/index.html,original/8,200,200,True,,https://presentations.kujolang.ai/original/8/,200,"Curating content
for every viewer — A new perspective on media",62,"The right story, in the right format, at the right moment. Discover something that feels made for you.",102,"Curating content
for every viewer","[[""h2"", ""Personal relevance""], [""h2"", ""Room for discovery""], [""h1"", ""Curating content\nfor every viewer""]]",114,en,,,,,"[""WebPage""]",5,6,0,0,NOT VERIFIED,2,0,2,2,False,True,False,False,94cadaacdd0eee95ed3fe9392a6a5e687e52defadb32a06ff1b09408b27de63a,
after,https://presentations.kujolang.ai/original/9/,original/9/index.html,original/9,200,200,True,,https://presentations.kujolang.ai/original/9/,200,"Diverse media
offerings — A new perspective on media",52,Watch. Listen. Read. Participate. Different ways to experience the stories that bring us together.,98,"Diverse media
offerings","[[""h1"", ""Diverse media\nofferings""], [""h2"", ""One perspective.\nMany possibilities.""]]",100,en,,,,,"[""WebPage""]",4,5,0,0,NOT VERIFIED,2,0,2,2,False,True,False,False,aa584f3963b2898e04436d0ef320c325c84f4a773fb264a36930dcb9c50d6fb3,
after,https://presentations.kujolang.ai/original/,original/index.html,original,200,200,True,,https://presentations.kujolang.ai/original/,200,A new perspective on media,26,A fictional media-strategy demo built with Kujo Presentations. Explore nine slides and a readable text edition. All metrics are illustrative.,141,A new perspective on media,"[[""h1"", ""A new perspective on media""]]",797,en,,,,,"[""WebPage""]",13,12,0,0,NOT VERIFIED,9,0,9,1,False,True,False,False,c576fbf7aa0a294924d9747fcf01543d1eabb7e94b683f0b1b3201c6ee87a789,
after,https://presentations.kujolang.ai/original/presenter/,original/presenter/index.html,original/presenter,200,200,False,"noindex,follow",https://presentations.kujolang.ai/original/presenter/,200,A new perspective on media — Presenter,38,Presenter controls for A new perspective on media,49,Presenter console,"[[""h1"", ""Presenter console""], [""h2"", ""Private speaker notes""], [""h2"", ""Elapsed time""]]",51,en,,,,,"[""WebPage""]",1,1,0,0,NOT VERIFIED,0,0,0,,True,False,False,False,c68463429c09350c502207ba25bf25a4221e94beae2d9c80c438f7390c955fa4,
after,https://presentations.kujolang.ai/original/print/,original/print/index.html,original/print,200,200,False,"noindex,follow",https://presentations.kujolang.ai/original/print/,200,A new perspective on media — Print,34,Printable slides for A new perspective on media,47,"Innovating media
for a digital age | Presentation
content index | Problem
statement | Our solutions for
lasting impact | Market opportunity | Unique value
proposition | Business
model | Curating content
for every viewer | Diverse media
offerings","[[""h1"", ""Innovating media\nfor a digital age""], [""h1"", ""Presentation\ncontent index""], [""h2"", ""The challenge""], [""h2"", ""Our approach""], [""h2"", ""The opportunity""], [""h2"", ""Our difference""], [""h2"", ""How we grow""], [""h2"", ""What comes next""], [""h1"", ""Problem\nstatement""], [""h2"", ""Attention is fragmented""], [""h2"", ""Trust needs to be earned""], [""h2"", ""One size does not fit all""], [""h2"", ""Start with people""], [""h2"", ""Make every format count""], [""h2"", ""Learn and improve""], [""h1"", ""Our solutions for\nlasting impact""], [""h1"", ""Market opportunity""], [""h1"", ""Unique value\nproposition""], [""h2"", ""Human by design""], [""h2"", ""Culture in context""], [""h2"", ""Built to connect""], [""h2"", ""Lasting relevance""], [""h1"", ""Business\nmodel""], [""h2"", ""Membership""], [""h2"", ""Creative partnerships""], [""h2"", ""Licensing & distribution""], [""h2"", ""Personal relevance""], [""h2"", ""Room for discovery""], [""h1"", ""Curating content\nfor every viewer""], [""h1"", ""Diverse media\nofferings""], [""h2"", ""One perspective.\nMany possibilities.""]]",709,en,,,,,"[""WebPage""]",10,1,0,0,NOT VERIFIED,9,0,9,3,False,False,False,False,050a213f79e80f71a2d3c584aa2837f2a188588b0f08dd12efcebd9d39bffcc7,
after,https://presentations.kujolang.ai/original/reading/,original/reading/index.html,original/reading,200,200,True,,https://presentations.kujolang.ai/original/reading/,200,A new perspective on media — Read text,38,Read the complete presentation: A fictional media-strategy demo built with Kujo Presentations. Explore nine slides and a readable text edition. All metrics are illustrative.,173,A new perspective on media,"[[""h1"", ""A new perspective on media""], [""h2"", ""1. Innovating media\nfor a digital age""], [""h2"", ""2. Presentation\ncontent index""], [""h3"", ""The challenge""], [""h3"", ""Our approach""], [""h3"", ""The opportunity""], [""h3"", ""Our difference""], [""h3"", ""How we grow""], [""h3"", ""What comes next""], [""h2"", ""3. Problem\nstatement""], [""h3"", ""Attention is fragmented""], [""h3"", ""Trust needs to be earned""], [""h3"", ""One size does not fit all""], [""h2"", ""4. Our solutions for\nlasting impact""], [""h3"", ""Start with people""], [""h3"", ""Make every format count""], [""h3"", ""Learn and improve""], [""h2"", ""5. Market opportunity""], [""h2"", ""6. Unique value\nproposition""], [""h3"", ""Human by design""], [""h3"", ""Culture in context""], [""h3"", ""Built to connect""], [""h3"", ""Lasting relevance""], [""h2"", ""7. Business\nmodel""], [""h3"", ""Membership""], [""h3"", ""Creative partnerships""], [""h3"", ""Licensing & distribution""], [""h2"", ""8. Curating content\nfor every viewer""], [""h3"", ""Personal relevance""], [""h3"", ""Room for discovery""], [""h2"", ""9. Diverse media\nofferings""], [""h3"", ""One perspective.\nMany possibilities.""]]",712,en,,,,,"[""WebPage""]",11,11,0,0,NOT VERIFIED,0,0,0,2,False,True,False,False,03de3315c8ba1edd5b439859c0f125dc02b1cac66ff08550a174ff3f4ec5a9ef,
after,https://presentations.kujolang.ai/sales/1/,sales/1/index.html,sales/1,200,200,True,,https://presentations.kujolang.ai/sales/1/,200,"Springline
Overview — Springline Consumer Company Overview",58,A fictional global food and beverage portfolio built around everyday occasions.,79,"Springline
Overview","[[""h1"", ""Springline\nOverview""]]",76,en,,,,,"[""WebPage""]",4,5,0,0,NOT VERIFIED,1,0,1,2,False,True,False,False,ae7e38b12322afbdeb9609ed90f5e55a720f4de30471f002d664272162a72ca0,
after,https://presentations.kujolang.ai/sales/2/,sales/2/index.html,sales/2,200,200,True,,https://presentations.kujolang.ai/sales/2/,200,A broad consumer portfolio — Springline Consumer Company Overview,65,Springline brings together convenient foods and beverages for moments throughout the day.,89,A broad consumer portfolio,"[[""h1"", ""A broad consumer portfolio""]]",87,en,,,,,"[""WebPage""]",5,6,0,0,NOT VERIFIED,0,0,0,2,False,True,False,False,c0f6ec840f117d2df054d1aa053daf9f2e5e2dc04a9a0c58c769f7c662203ee9,
after,https://presentations.kujolang.ai/sales/3/,sales/3/index.html,sales/3,200,200,True,,https://presentations.kujolang.ai/sales/3/,200,Brands built for everyday categories — Springline Consumer Company Overview,75,"A colorful portfolio spans savory snacks, sparkling drinks, functional beverages and breakfast foods.",101,Brands built for everyday categories,"[[""h1"", ""Brands built for everyday categories""], [""h2"", ""One portfolio""]]",92,en,,,,,"[""WebPage""]",5,6,0,0,NOT VERIFIED,1,0,1,2,False,True,False,False,1623e7a51e2ef128d13e2219425ac540854859fdf5aba283acd7d73f6725f885,
after,https://presentations.kujolang.ai/sales/4/,sales/4/index.html,sales/4,200,200,True,,https://presentations.kujolang.ai/sales/4/,200,Investment strengthened the operating system — Springline Consumer Company Overview,83,"A multi-year program expands capacity, improves route planning and gives teams a sharper view of demand.",104,Investment strengthened the operating system,"[[""h1"", ""Investment strengthened the operating system""]]",105,en,,,,,"[""WebPage""]",5,6,0,0,NOT VERIFIED,0,0,0,2,False,True,False,False,846305ded25f5ee710aa831c6d8dd1f3006db946de11caebf6922b58ddad02c0,
after,https://presentations.kujolang.ai/sales/404.html,sales/404.html,sales/404.html,200,200,False,"noindex,follow",,WRONG_OR_MISSING_ORIGIN,Slide not found,15,This page was not found. Open the presentation overview to choose a slide.,74,Slide not found,"[[""h1"", ""Slide not found""]]",18,en,,,,,[],1,2,0,0,NOT VERIFIED,0,0,0,,True,False,True,True,e3c5dcd7b2a6b8fce8c91dbc683692308004441756d3691ed5a6cda236111cc3,
after,https://presentations.kujolang.ai/sales/5/,sales/5/index.html,sales/5,200,200,True,,https://presentations.kujolang.ai/sales/5/,200,Consumer habits keep moving — Springline Consumer Company Overview,66,The next generation of demand is shaped by four overlapping expectations.,73,Consumer habits keep moving,"[[""h1"", ""Consumer habits keep moving""], [""h2"", ""Value""], [""h2"", ""Function""], [""h2"", ""Flavor""], [""h2"", ""Convenience""]]",104,en,,,,,"[""WebPage""]",5,6,0,0,NOT VERIFIED,0,0,0,2,False,True,False,False,ffc971677614a0ca9fdd875aaf5806376db8d2ca6b9e638f65f2e55724169384,
after,https://presentations.kujolang.ai/sales/6/,sales/6/index.html,sales/6,200,200,True,,https://presentations.kujolang.ai/sales/6/,200,Four priorities guide the next chapter — Springline Consumer Company Overview,77,"A focused agenda connects the portfolio, the operating model and responsible growth.",84,Four priorities guide the next chapter,"[[""h1"", ""Four priorities guide the next chapter""], [""h2"", ""Earn repeat choice""], [""h2"", ""Reach new occasions""], [""h2"", ""Modernize the network""], [""h2"", ""Build responsibly""]]",117,en,,,,,"[""WebPage""]",5,6,0,0,NOT VERIFIED,0,0,0,2,False,True,False,False,bc88b82c7f54887263692c0a9a40fb5212f7687f84b29ce8bf2bc70f2519bcaa,
after,https://presentations.kujolang.ai/sales/7/,sales/7/index.html,sales/7,200,200,True,,https://presentations.kujolang.ai/sales/7/,200,More occasions across the day — Springline Consumer Company Overview,68,Springline designs its portfolio for the rhythm of real life—from the first cup to the shared evening table.,108,More occasions across the day,"[[""h2"", ""At home""], [""h2"", ""On the move""], [""h2"", ""Around the table""], [""h1"", ""More occasions across the day""]]",106,en,,,,,"[""WebPage""]",5,6,0,0,NOT VERIFIED,1,0,1,2,False,True,False,False,e883cea0253660fe58fa254ba319206969e17932f2b9649c3a9dbe0e2c2ebf49,
after,https://presentations.kujolang.ai/sales/8/,sales/8/index.html,sales/8,200,200,True,,https://presentations.kujolang.ai/sales/8/,200,Progress across the responsible growth agenda — Springline Consumer Company Overview,84,"Better sourcing, smarter operations and improved packaging are designed to reinforce one another.",97,Progress across the responsible growth agenda,"[[""h2"", ""Soil health""], [""h2"", ""Lower-impact operations""], [""h1"", ""Progress across the responsible growth agenda""]]",106,en,,,,,"[""WebPage""]",5,6,0,0,NOT VERIFIED,1,0,1,2,False,True,False,False,42a8c79830ff3b707d5f19b31b4f4dc1c8b407d3214c7c835ffc3ed1667d165b,
after,https://presentations.kujolang.ai/sales/9/,sales/9/index.html,sales/9,200,200,True,,https://presentations.kujolang.ai/sales/9/,200,Long-term growth algorithm — Springline Consumer Company Overview,65,Innovation expands demand. Productivity funds the next wave.,60,Long-term growth algorithm,"[[""h1"", ""Long-term growth algorithm""]]",85,en,,,,,"[""WebPage""]",4,5,0,0,NOT VERIFIED,0,0,0,2,False,True,False,False,b95a9324a58687e8370272bb8fb16f1682e39f1de19ae5076d90930a657bd88c,
after,https://presentations.kujolang.ai/sales/,sales/index.html,sales,200,200,True,,https://presentations.kujolang.ai/sales/,200,Springline Consumer Company Overview,36,A fictional consumer food and beverage company overview created to demonstrate a portfolio-led presentation system.,115,Springline Consumer Company Overview,"[[""h1"", ""Springline Consumer Company Overview""]]",591,en,,,,,"[""WebPage""]",13,12,0,0,NOT VERIFIED,4,0,4,1,False,True,False,False,97a17b12bde96c10772b3f1bc7591bad54bdf2b762c9453a1cccd6168f60629a,
after,https://presentations.kujolang.ai/sales/presenter/,sales/presenter/index.html,sales/presenter,200,200,False,"noindex,follow",https://presentations.kujolang.ai/sales/presenter/,200,Springline Consumer Company Overview — Presenter,48,Presenter controls for Springline Consumer Company Overview,59,Presenter console,"[[""h1"", ""Presenter console""], [""h2"", ""Private speaker notes""], [""h2"", ""Elapsed time""]]",50,en,,,,,"[""WebPage""]",1,1,0,0,NOT VERIFIED,0,0,0,,True,False,False,False,3f9e18c4bd4ec3fd7a09c5015ec46674adb6a2fd837968ccdef02f370999ae7d,
after,https://presentations.kujolang.ai/sales/print/,sales/print/index.html,sales/print,200,200,False,"noindex,follow",https://presentations.kujolang.ai/sales/print/,200,Springline Consumer Company Overview — Print,44,Printable slides for Springline Consumer Company Overview,57,"Springline
Overview | A broad consumer portfolio | Brands built for everyday categories | Investment strengthened the operating system | Consumer habits keep moving | Four priorities guide the next chapter | More occasions across the day | Progress across the responsible growth agenda | Long-term growth algorithm","[[""h1"", ""Springline\nOverview""], [""h1"", ""A broad consumer portfolio""], [""h1"", ""Brands built for everyday categories""], [""h2"", ""One portfolio""], [""h1"", ""Investment strengthened the operating system""], [""h1"", ""Consumer habits keep moving""], [""h2"", ""Value""], [""h2"", ""Function""], [""h2"", ""Flavor""], [""h2"", ""Convenience""], [""h1"", ""Four priorities guide the next chapter""], [""h2"", ""Earn repeat choice""], [""h2"", ""Reach new occasions""], [""h2"", ""Modernize the network""], [""h2"", ""Build responsibly""], [""h2"", ""At home""], [""h2"", ""On the move""], [""h2"", ""Around the table""], [""h1"", ""More occasions across the day""], [""h2"", ""Soil health""], [""h2"", ""Lower-impact operations""], [""h1"", ""Progress across the responsible growth agenda""], [""h1"", ""Long-term growth algorithm""]]",505,en,,,,,"[""WebPage""]",10,1,0,0,NOT VERIFIED,4,0,4,3,False,False,False,False,2e8cb85772fd2754390156b7d7261fbd34550afbd169789cfe94ea6a85e32a8e,
after,https://presentations.kujolang.ai/sales/reading/,sales/reading/index.html,sales/reading,200,200,True,,https://presentations.kujolang.ai/sales/reading/,200,Springline Consumer Company Overview — Read text,48,Read the complete presentation: A fictional consumer food and beverage company overview created to demonstrate a portfolio-led presentation system.,147,Springline Consumer Company Overview,"[[""h1"", ""Springline Consumer Company Overview""], [""h2"", ""1. Springline\nOverview""], [""h2"", ""2. A broad consumer portfolio""], [""h2"", ""3. Brands built for everyday categories""], [""h3"", ""One portfolio""], [""h2"", ""4. Investment strengthened the operating system""], [""h2"", ""5. Consumer habits keep moving""], [""h3"", ""Value""], [""h3"", ""Function""], [""h3"", ""Flavor""], [""h3"", ""Convenience""], [""h2"", ""6. Four priorities guide the next chapter""], [""h3"", ""Earn repeat choice""], [""h3"", ""Reach new occasions""], [""h3"", ""Modernize the network""], [""h3"", ""Build responsibly""], [""h2"", ""7. More occasions across the day""], [""h3"", ""At home""], [""h3"", ""On the move""], [""h3"", ""Around the table""], [""h2"", ""8. Progress across the responsible growth agenda""], [""h3"", ""Soil health""], [""h3"", ""Lower-impact operations""], [""h2"", ""9. Long-term growth algorithm""]]",482,en,,,,,"[""WebPage""]",11,11,0,0,NOT VERIFIED,0,0,0,2,False,True,False,False,1b64a2fe738a22cbe5c883924f581d45d759613fd1681b3e5b28b95177439305,
