phase,page_url,image_url,alt_text,alt_present,decorative,width,height,loading,format,local_exists,file_bytes,issues
baseline,https://presentations.kujolang.ai/,https://presentations.kujolang.ai/assets/kujo-logomark.svg,,True,True,,,eager,.svg,True,895,no intrinsic dimensions; fixed canvas/crop reserves space
baseline,https://presentations.kujolang.ai/,https://presentations.kujolang.ai/assets/previews/original.png,Innovating Media for a Digital Age presentation cover,True,False,,,eager,.png,True,302415,no intrinsic dimensions; fixed canvas/crop reserves space
baseline,https://presentations.kujolang.ai/,https://presentations.kujolang.ai/assets/previews/investor.png,Signal Foundry investor presentation cover,True,False,,,eager,.png,True,58383,no intrinsic dimensions; fixed canvas/crop reserves space
baseline,https://presentations.kujolang.ai/,https://presentations.kujolang.ai/assets/previews/sales.png,Springline consumer company overview cover,True,False,,,eager,.png,True,559249,no intrinsic dimensions; fixed canvas/crop reserves space
baseline,https://presentations.kujolang.ai/,https://presentations.kujolang.ai/assets/previews/live-talk.png,Morrow Worklab AI workforce research report cover,True,False,,,eager,.png,True,1487682,no intrinsic dimensions; fixed canvas/crop reserves space
baseline,https://presentations.kujolang.ai/investor/4/,https://presentations.kujolang.ai/investor/assets/deck/vela-travel.png,Business travelers walking through an original modern airport lounge scene,True,False,,,eager,.png,True,1921370,no intrinsic dimensions; fixed canvas/crop reserves space
baseline,https://presentations.kujolang.ai/investor/6/,https://presentations.kujolang.ai/investor/assets/deck/vela-dining.png,Friends dining in an original premium restaurant scene,True,False,,,eager,.png,True,2091918,no intrinsic dimensions; fixed canvas/crop reserves space
baseline,https://presentations.kujolang.ai/investor/8/,https://presentations.kujolang.ai/investor/assets/deck/vela-cards.png,Original cobalt payment card concept displayed on white stone,True,False,,,eager,.png,True,1707837,no intrinsic dimensions; fixed canvas/crop reserves space
baseline,https://presentations.kujolang.ai/investor/,https://presentations.kujolang.ai/investor/assets/deck/vela-travel.png,Business travelers walking through an original modern airport lounge scene,True,False,,,lazy,.png,True,1921370,no intrinsic dimensions; fixed canvas/crop reserves space
baseline,https://presentations.kujolang.ai/investor/,https://presentations.kujolang.ai/investor/assets/deck/vela-dining.png,Friends dining in an original premium restaurant scene,True,False,,,lazy,.png,True,2091918,no intrinsic dimensions; fixed canvas/crop reserves space
baseline,https://presentations.kujolang.ai/investor/,https://presentations.kujolang.ai/investor/assets/deck/vela-cards.png,Original cobalt payment card concept displayed on white stone,True,False,,,lazy,.png,True,1707837,no intrinsic dimensions; fixed canvas/crop reserves space
baseline,https://presentations.kujolang.ai/investor/print/,https://presentations.kujolang.ai/investor/assets/deck/vela-travel.png,Business travelers walking through an original modern airport lounge scene,True,False,,,eager,.png,True,1921370,no intrinsic dimensions; fixed canvas/crop reserves space
baseline,https://presentations.kujolang.ai/investor/print/,https://presentations.kujolang.ai/investor/assets/deck/vela-dining.png,Friends dining in an original premium restaurant scene,True,False,,,eager,.png,True,2091918,no intrinsic dimensions; fixed canvas/crop reserves space
baseline,https://presentations.kujolang.ai/investor/print/,https://presentations.kujolang.ai/investor/assets/deck/vela-cards.png,Original cobalt payment card concept displayed on white stone,True,False,,,eager,.png,True,1707837,no intrinsic dimensions; fixed canvas/crop reserves space
baseline,https://presentations.kujolang.ai/live-talk/1/,https://presentations.kujolang.ai/live-talk/assets/deck/morrow-intelligence-sphere.png,Original luminous green particle sphere on a black background,True,False,,,eager,.png,True,1692258,no intrinsic dimensions; fixed canvas/crop reserves space
baseline,https://presentations.kujolang.ai/live-talk/,https://presentations.kujolang.ai/live-talk/assets/deck/morrow-intelligence-sphere.png,Original luminous green particle sphere on a black background,True,False,,,lazy,.png,True,1692258,no intrinsic dimensions; fixed canvas/crop reserves space
baseline,https://presentations.kujolang.ai/live-talk/print/,https://presentations.kujolang.ai/live-talk/assets/deck/morrow-intelligence-sphere.png,Original luminous green particle sphere on a black background,True,False,,,eager,.png,True,1692258,no intrinsic dimensions; fixed canvas/crop reserves space
baseline,https://presentations.kujolang.ai/original/1/,https://presentations.kujolang.ai/original/assets/deck/city.webp,An imagined city at dusk with illuminated windows and a red facade,True,False,,,eager,.webp,True,131616,no intrinsic dimensions; fixed canvas/crop reserves space
baseline,https://presentations.kujolang.ai/original/1/,https://presentations.kujolang.ai/original/assets/deck/collaboration.webp,Three fictional media producers review storyboards in a daylight studio,True,False,,,eager,.webp,True,91158,no intrinsic dimensions; fixed canvas/crop reserves space
baseline,https://presentations.kujolang.ai/original/3/,https://presentations.kujolang.ai/original/assets/deck/city.webp,An imagined city at dusk with illuminated windows and a red facade,True,False,,,eager,.webp,True,131616,no intrinsic dimensions; fixed canvas/crop reserves space
baseline,https://presentations.kujolang.ai/original/4/,https://presentations.kujolang.ai/original/assets/deck/workshop.webp,A cinema camera in a production studio with a creator in the background,True,False,,,eager,.webp,True,77908,no intrinsic dimensions; fixed canvas/crop reserves space
baseline,https://presentations.kujolang.ai/original/7/,https://presentations.kujolang.ai/original/assets/deck/collaboration.webp,Three fictional media producers review storyboards in a daylight studio,True,False,,,eager,.webp,True,91158,no intrinsic dimensions; fixed canvas/crop reserves space
baseline,https://presentations.kujolang.ai/original/8/,https://presentations.kujolang.ai/original/assets/deck/workshop.webp,A cinema camera in a production studio with a creator in the background,True,False,,,eager,.webp,True,77908,no intrinsic dimensions; fixed canvas/crop reserves space
baseline,https://presentations.kujolang.ai/original/8/,https://presentations.kujolang.ai/original/assets/deck/digital.webp,An audio mixing console with faders and warm indicator lights,True,False,,,eager,.webp,True,67594,no intrinsic dimensions; fixed canvas/crop reserves space
baseline,https://presentations.kujolang.ai/original/9/,https://presentations.kujolang.ai/original/assets/deck/city.webp,An imagined city at dusk with illuminated windows and a red facade,True,False,,,eager,.webp,True,131616,no intrinsic dimensions; fixed canvas/crop reserves space
baseline,https://presentations.kujolang.ai/original/9/,https://presentations.kujolang.ai/original/assets/deck/collaboration.webp,Three fictional media producers review storyboards in a daylight studio,True,False,,,eager,.webp,True,91158,no intrinsic dimensions; fixed canvas/crop reserves space
baseline,https://presentations.kujolang.ai/original/,https://presentations.kujolang.ai/original/assets/deck/city.webp,An imagined city at dusk with illuminated windows and a red facade,True,False,,,lazy,.webp,True,131616,no intrinsic dimensions; fixed canvas/crop reserves space
baseline,https://presentations.kujolang.ai/original/,https://presentations.kujolang.ai/original/assets/deck/collaboration.webp,Three fictional media producers review storyboards in a daylight studio,True,False,,,lazy,.webp,True,91158,no intrinsic dimensions; fixed canvas/crop reserves space
baseline,https://presentations.kujolang.ai/original/,https://presentations.kujolang.ai/original/assets/deck/city.webp,An imagined city at dusk with illuminated windows and a red facade,True,False,,,lazy,.webp,True,131616,no intrinsic dimensions; fixed canvas/crop reserves space
baseline,https://presentations.kujolang.ai/original/,https://presentations.kujolang.ai/original/assets/deck/workshop.webp,A cinema camera in a production studio with a creator in the background,True,False,,,lazy,.webp,True,77908,no intrinsic dimensions; fixed canvas/crop reserves space
baseline,https://presentations.kujolang.ai/original/,https://presentations.kujolang.ai/original/assets/deck/collaboration.webp,Three fictional media producers review storyboards in a daylight studio,True,False,,,lazy,.webp,True,91158,no intrinsic dimensions; fixed canvas/crop reserves space
baseline,https://presentations.kujolang.ai/original/,https://presentations.kujolang.ai/original/assets/deck/workshop.webp,A cinema camera in a production studio with a creator in the background,True,False,,,lazy,.webp,True,77908,no intrinsic dimensions; fixed canvas/crop reserves space
baseline,https://presentations.kujolang.ai/original/,https://presentations.kujolang.ai/original/assets/deck/digital.webp,An audio mixing console with faders and warm indicator lights,True,False,,,lazy,.webp,True,67594,no intrinsic dimensions; fixed canvas/crop reserves space
baseline,https://presentations.kujolang.ai/original/,https://presentations.kujolang.ai/original/assets/deck/city.webp,An imagined city at dusk with illuminated windows and a red facade,True,False,,,lazy,.webp,True,131616,no intrinsic dimensions; fixed canvas/crop reserves space
baseline,https://presentations.kujolang.ai/original/,https://presentations.kujolang.ai/original/assets/deck/collaboration.webp,Three fictional media producers review storyboards in a daylight studio,True,False,,,lazy,.webp,True,91158,no intrinsic dimensions; fixed canvas/crop reserves space
baseline,https://presentations.kujolang.ai/original/print/,https://presentations.kujolang.ai/original/assets/deck/city.webp,An imagined city at dusk with illuminated windows and a red facade,True,False,,,eager,.webp,True,131616,no intrinsic dimensions; fixed canvas/crop reserves space
baseline,https://presentations.kujolang.ai/original/print/,https://presentations.kujolang.ai/original/assets/deck/collaboration.webp,Three fictional media producers review storyboards in a daylight studio,True,False,,,eager,.webp,True,91158,no intrinsic dimensions; fixed canvas/crop reserves space
baseline,https://presentations.kujolang.ai/original/print/,https://presentations.kujolang.ai/original/assets/deck/city.webp,An imagined city at dusk with illuminated windows and a red facade,True,False,,,eager,.webp,True,131616,no intrinsic dimensions; fixed canvas/crop reserves space
baseline,https://presentations.kujolang.ai/original/print/,https://presentations.kujolang.ai/original/assets/deck/workshop.webp,A cinema camera in a production studio with a creator in the background,True,False,,,eager,.webp,True,77908,no intrinsic dimensions; fixed canvas/crop reserves space
baseline,https://presentations.kujolang.ai/original/print/,https://presentations.kujolang.ai/original/assets/deck/collaboration.webp,Three fictional media producers review storyboards in a daylight studio,True,False,,,eager,.webp,True,91158,no intrinsic dimensions; fixed canvas/crop reserves space
baseline,https://presentations.kujolang.ai/original/print/,https://presentations.kujolang.ai/original/assets/deck/workshop.webp,A cinema camera in a production studio with a creator in the background,True,False,,,eager,.webp,True,77908,no intrinsic dimensions; fixed canvas/crop reserves space
baseline,https://presentations.kujolang.ai/original/print/,https://presentations.kujolang.ai/original/assets/deck/digital.webp,An audio mixing console with faders and warm indicator lights,True,False,,,eager,.webp,True,67594,no intrinsic dimensions; fixed canvas/crop reserves space
baseline,https://presentations.kujolang.ai/original/print/,https://presentations.kujolang.ai/original/assets/deck/city.webp,An imagined city at dusk with illuminated windows and a red facade,True,False,,,eager,.webp,True,131616,no intrinsic dimensions; fixed canvas/crop reserves space
baseline,https://presentations.kujolang.ai/original/print/,https://presentations.kujolang.ai/original/assets/deck/collaboration.webp,Three fictional media producers review storyboards in a daylight studio,True,False,,,eager,.webp,True,91158,no intrinsic dimensions; fixed canvas/crop reserves space
baseline,https://presentations.kujolang.ai/sales/1/,https://presentations.kujolang.ai/sales/assets/deck/springline-gathering.png,Friends sharing colorful drinks and snacks in a bright living room,True,False,,,eager,.png,True,2231718,no intrinsic dimensions; fixed canvas/crop reserves space
baseline,https://presentations.kujolang.ai/sales/3/,https://presentations.kujolang.ai/sales/assets/deck/springline-portfolio.png,"Original unbranded lineup of colorful snacks, beverages and breakfast foods",True,False,,,eager,.png,True,2041529,no intrinsic dimensions; fixed canvas/crop reserves space
baseline,https://presentations.kujolang.ai/sales/7/,https://presentations.kujolang.ai/sales/assets/deck/springline-dayparts.png,"Four original scenes showing breakfast, midday work, an outdoor snack and dinner",True,False,,,eager,.png,True,2268713,no intrinsic dimensions; fixed canvas/crop reserves space
baseline,https://presentations.kujolang.ai/sales/8/,https://presentations.kujolang.ai/sales/assets/deck/springline-responsibility.png,Agronomist inspecting crops near an original food production facility,True,False,,,eager,.png,True,2142784,no intrinsic dimensions; fixed canvas/crop reserves space
baseline,https://presentations.kujolang.ai/sales/,https://presentations.kujolang.ai/sales/assets/deck/springline-gathering.png,Friends sharing colorful drinks and snacks in a bright living room,True,False,,,lazy,.png,True,2231718,no intrinsic dimensions; fixed canvas/crop reserves space
baseline,https://presentations.kujolang.ai/sales/,https://presentations.kujolang.ai/sales/assets/deck/springline-portfolio.png,"Original unbranded lineup of colorful snacks, beverages and breakfast foods",True,False,,,lazy,.png,True,2041529,no intrinsic dimensions; fixed canvas/crop reserves space
baseline,https://presentations.kujolang.ai/sales/,https://presentations.kujolang.ai/sales/assets/deck/springline-dayparts.png,"Four original scenes showing breakfast, midday work, an outdoor snack and dinner",True,False,,,lazy,.png,True,2268713,no intrinsic dimensions; fixed canvas/crop reserves space
baseline,https://presentations.kujolang.ai/sales/,https://presentations.kujolang.ai/sales/assets/deck/springline-responsibility.png,Agronomist inspecting crops near an original food production facility,True,False,,,lazy,.png,True,2142784,no intrinsic dimensions; fixed canvas/crop reserves space
baseline,https://presentations.kujolang.ai/sales/print/,https://presentations.kujolang.ai/sales/assets/deck/springline-gathering.png,Friends sharing colorful drinks and snacks in a bright living room,True,False,,,eager,.png,True,2231718,no intrinsic dimensions; fixed canvas/crop reserves space
baseline,https://presentations.kujolang.ai/sales/print/,https://presentations.kujolang.ai/sales/assets/deck/springline-portfolio.png,"Original unbranded lineup of colorful snacks, beverages and breakfast foods",True,False,,,eager,.png,True,2041529,no intrinsic dimensions; fixed canvas/crop reserves space
baseline,https://presentations.kujolang.ai/sales/print/,https://presentations.kujolang.ai/sales/assets/deck/springline-dayparts.png,"Four original scenes showing breakfast, midday work, an outdoor snack and dinner",True,False,,,eager,.png,True,2268713,no intrinsic dimensions; fixed canvas/crop reserves space
baseline,https://presentations.kujolang.ai/sales/print/,https://presentations.kujolang.ai/sales/assets/deck/springline-responsibility.png,Agronomist inspecting crops near an original food production facility,True,False,,,eager,.png,True,2142784,no intrinsic dimensions; fixed canvas/crop reserves space
after,https://presentations.kujolang.ai/,https://presentations.kujolang.ai/assets/kujo-logomark.svg,,True,True,29,29,eager,.svg,True,895,
after,https://presentations.kujolang.ai/,https://presentations.kujolang.ai/assets/previews/original.webp,Innovating Media for a Digital Age presentation cover,True,False,822,463,eager,.webp,True,22900,
after,https://presentations.kujolang.ai/,https://presentations.kujolang.ai/assets/previews/investor.webp,Vela Investor Briefing presentation cover,True,False,822,463,lazy,.webp,True,11442,
after,https://presentations.kujolang.ai/,https://presentations.kujolang.ai/assets/previews/sales.webp,Springline consumer company overview cover,True,False,822,463,lazy,.webp,True,25210,
after,https://presentations.kujolang.ai/,https://presentations.kujolang.ai/assets/previews/live-talk.webp,Morrow Worklab AI workforce research report cover,True,False,822,463,lazy,.webp,True,58784,
after,https://presentations.kujolang.ai/investor/4/,https://presentations.kujolang.ai/investor/assets/deck/vela-travel.png,Business travelers walking through an original modern airport lounge scene,True,False,,,eager,.png,True,1921370,no intrinsic dimensions; fixed canvas/crop reserves space
after,https://presentations.kujolang.ai/investor/6/,https://presentations.kujolang.ai/investor/assets/deck/vela-dining.png,Friends dining in an original premium restaurant scene,True,False,,,eager,.png,True,2091918,no intrinsic dimensions; fixed canvas/crop reserves space
after,https://presentations.kujolang.ai/investor/8/,https://presentations.kujolang.ai/investor/assets/deck/vela-cards.png,Original cobalt payment card concept displayed on white stone,True,False,,,eager,.png,True,1707837,no intrinsic dimensions; fixed canvas/crop reserves space
after,https://presentations.kujolang.ai/investor/,https://presentations.kujolang.ai/investor/assets/deck/vela-travel.png,Business travelers walking through an original modern airport lounge scene,True,False,,,lazy,.png,True,1921370,no intrinsic dimensions; fixed canvas/crop reserves space
after,https://presentations.kujolang.ai/investor/,https://presentations.kujolang.ai/investor/assets/deck/vela-dining.png,Friends dining in an original premium restaurant scene,True,False,,,lazy,.png,True,2091918,no intrinsic dimensions; fixed canvas/crop reserves space
after,https://presentations.kujolang.ai/investor/,https://presentations.kujolang.ai/investor/assets/deck/vela-cards.png,Original cobalt payment card concept displayed on white stone,True,False,,,lazy,.png,True,1707837,no intrinsic dimensions; fixed canvas/crop reserves space
after,https://presentations.kujolang.ai/investor/print/,https://presentations.kujolang.ai/investor/assets/deck/vela-travel.png,Business travelers walking through an original modern airport lounge scene,True,False,,,eager,.png,True,1921370,no intrinsic dimensions; fixed canvas/crop reserves space
after,https://presentations.kujolang.ai/investor/print/,https://presentations.kujolang.ai/investor/assets/deck/vela-dining.png,Friends dining in an original premium restaurant scene,True,False,,,eager,.png,True,2091918,no intrinsic dimensions; fixed canvas/crop reserves space
after,https://presentations.kujolang.ai/investor/print/,https://presentations.kujolang.ai/investor/assets/deck/vela-cards.png,Original cobalt payment card concept displayed on white stone,True,False,,,eager,.png,True,1707837,no intrinsic dimensions; fixed canvas/crop reserves space
after,https://presentations.kujolang.ai/live-talk/1/,https://presentations.kujolang.ai/live-talk/assets/deck/morrow-intelligence-sphere.png,Original luminous green particle sphere on a black background,True,False,,,eager,.png,True,1692258,no intrinsic dimensions; fixed canvas/crop reserves space
after,https://presentations.kujolang.ai/live-talk/,https://presentations.kujolang.ai/live-talk/assets/deck/morrow-intelligence-sphere.png,Original luminous green particle sphere on a black background,True,False,,,lazy,.png,True,1692258,no intrinsic dimensions; fixed canvas/crop reserves space
after,https://presentations.kujolang.ai/live-talk/print/,https://presentations.kujolang.ai/live-talk/assets/deck/morrow-intelligence-sphere.png,Original luminous green particle sphere on a black background,True,False,,,eager,.png,True,1692258,no intrinsic dimensions; fixed canvas/crop reserves space
after,https://presentations.kujolang.ai/original/1/,https://presentations.kujolang.ai/original/assets/deck/city.webp,An imagined city at dusk with illuminated windows and a red facade,True,False,,,eager,.webp,True,131616,no intrinsic dimensions; fixed canvas/crop reserves space
after,https://presentations.kujolang.ai/original/1/,https://presentations.kujolang.ai/original/assets/deck/collaboration.webp,Three fictional media producers review storyboards in a daylight studio,True,False,,,eager,.webp,True,91158,no intrinsic dimensions; fixed canvas/crop reserves space
after,https://presentations.kujolang.ai/original/3/,https://presentations.kujolang.ai/original/assets/deck/city.webp,An imagined city at dusk with illuminated windows and a red facade,True,False,,,eager,.webp,True,131616,no intrinsic dimensions; fixed canvas/crop reserves space
after,https://presentations.kujolang.ai/original/4/,https://presentations.kujolang.ai/original/assets/deck/workshop.webp,A cinema camera in a production studio with a creator in the background,True,False,,,eager,.webp,True,77908,no intrinsic dimensions; fixed canvas/crop reserves space
after,https://presentations.kujolang.ai/original/7/,https://presentations.kujolang.ai/original/assets/deck/collaboration.webp,Three fictional media producers review storyboards in a daylight studio,True,False,,,eager,.webp,True,91158,no intrinsic dimensions; fixed canvas/crop reserves space
after,https://presentations.kujolang.ai/original/8/,https://presentations.kujolang.ai/original/assets/deck/workshop.webp,A cinema camera in a production studio with a creator in the background,True,False,,,eager,.webp,True,77908,no intrinsic dimensions; fixed canvas/crop reserves space
after,https://presentations.kujolang.ai/original/8/,https://presentations.kujolang.ai/original/assets/deck/digital.webp,An audio mixing console with faders and warm indicator lights,True,False,,,eager,.webp,True,67594,no intrinsic dimensions; fixed canvas/crop reserves space
after,https://presentations.kujolang.ai/original/9/,https://presentations.kujolang.ai/original/assets/deck/city.webp,An imagined city at dusk with illuminated windows and a red facade,True,False,,,eager,.webp,True,131616,no intrinsic dimensions; fixed canvas/crop reserves space
after,https://presentations.kujolang.ai/original/9/,https://presentations.kujolang.ai/original/assets/deck/collaboration.webp,Three fictional media producers review storyboards in a daylight studio,True,False,,,eager,.webp,True,91158,no intrinsic dimensions; fixed canvas/crop reserves space
after,https://presentations.kujolang.ai/original/,https://presentations.kujolang.ai/original/assets/deck/city.webp,An imagined city at dusk with illuminated windows and a red facade,True,False,,,lazy,.webp,True,131616,no intrinsic dimensions; fixed canvas/crop reserves space
after,https://presentations.kujolang.ai/original/,https://presentations.kujolang.ai/original/assets/deck/collaboration.webp,Three fictional media producers review storyboards in a daylight studio,True,False,,,lazy,.webp,True,91158,no intrinsic dimensions; fixed canvas/crop reserves space
after,https://presentations.kujolang.ai/original/,https://presentations.kujolang.ai/original/assets/deck/city.webp,An imagined city at dusk with illuminated windows and a red facade,True,False,,,lazy,.webp,True,131616,no intrinsic dimensions; fixed canvas/crop reserves space
after,https://presentations.kujolang.ai/original/,https://presentations.kujolang.ai/original/assets/deck/workshop.webp,A cinema camera in a production studio with a creator in the background,True,False,,,lazy,.webp,True,77908,no intrinsic dimensions; fixed canvas/crop reserves space
after,https://presentations.kujolang.ai/original/,https://presentations.kujolang.ai/original/assets/deck/collaboration.webp,Three fictional media producers review storyboards in a daylight studio,True,False,,,lazy,.webp,True,91158,no intrinsic dimensions; fixed canvas/crop reserves space
after,https://presentations.kujolang.ai/original/,https://presentations.kujolang.ai/original/assets/deck/workshop.webp,A cinema camera in a production studio with a creator in the background,True,False,,,lazy,.webp,True,77908,no intrinsic dimensions; fixed canvas/crop reserves space
after,https://presentations.kujolang.ai/original/,https://presentations.kujolang.ai/original/assets/deck/digital.webp,An audio mixing console with faders and warm indicator lights,True,False,,,lazy,.webp,True,67594,no intrinsic dimensions; fixed canvas/crop reserves space
after,https://presentations.kujolang.ai/original/,https://presentations.kujolang.ai/original/assets/deck/city.webp,An imagined city at dusk with illuminated windows and a red facade,True,False,,,lazy,.webp,True,131616,no intrinsic dimensions; fixed canvas/crop reserves space
after,https://presentations.kujolang.ai/original/,https://presentations.kujolang.ai/original/assets/deck/collaboration.webp,Three fictional media producers review storyboards in a daylight studio,True,False,,,lazy,.webp,True,91158,no intrinsic dimensions; fixed canvas/crop reserves space
after,https://presentations.kujolang.ai/original/print/,https://presentations.kujolang.ai/original/assets/deck/city.webp,An imagined city at dusk with illuminated windows and a red facade,True,False,,,eager,.webp,True,131616,no intrinsic dimensions; fixed canvas/crop reserves space
after,https://presentations.kujolang.ai/original/print/,https://presentations.kujolang.ai/original/assets/deck/collaboration.webp,Three fictional media producers review storyboards in a daylight studio,True,False,,,eager,.webp,True,91158,no intrinsic dimensions; fixed canvas/crop reserves space
after,https://presentations.kujolang.ai/original/print/,https://presentations.kujolang.ai/original/assets/deck/city.webp,An imagined city at dusk with illuminated windows and a red facade,True,False,,,eager,.webp,True,131616,no intrinsic dimensions; fixed canvas/crop reserves space
after,https://presentations.kujolang.ai/original/print/,https://presentations.kujolang.ai/original/assets/deck/workshop.webp,A cinema camera in a production studio with a creator in the background,True,False,,,eager,.webp,True,77908,no intrinsic dimensions; fixed canvas/crop reserves space
after,https://presentations.kujolang.ai/original/print/,https://presentations.kujolang.ai/original/assets/deck/collaboration.webp,Three fictional media producers review storyboards in a daylight studio,True,False,,,eager,.webp,True,91158,no intrinsic dimensions; fixed canvas/crop reserves space
after,https://presentations.kujolang.ai/original/print/,https://presentations.kujolang.ai/original/assets/deck/workshop.webp,A cinema camera in a production studio with a creator in the background,True,False,,,eager,.webp,True,77908,no intrinsic dimensions; fixed canvas/crop reserves space
after,https://presentations.kujolang.ai/original/print/,https://presentations.kujolang.ai/original/assets/deck/digital.webp,An audio mixing console with faders and warm indicator lights,True,False,,,eager,.webp,True,67594,no intrinsic dimensions; fixed canvas/crop reserves space
after,https://presentations.kujolang.ai/original/print/,https://presentations.kujolang.ai/original/assets/deck/city.webp,An imagined city at dusk with illuminated windows and a red facade,True,False,,,eager,.webp,True,131616,no intrinsic dimensions; fixed canvas/crop reserves space
after,https://presentations.kujolang.ai/original/print/,https://presentations.kujolang.ai/original/assets/deck/collaboration.webp,Three fictional media producers review storyboards in a daylight studio,True,False,,,eager,.webp,True,91158,no intrinsic dimensions; fixed canvas/crop reserves space
after,https://presentations.kujolang.ai/sales/1/,https://presentations.kujolang.ai/sales/assets/deck/springline-gathering.png,Friends sharing colorful drinks and snacks in a bright living room,True,False,,,eager,.png,True,2231718,no intrinsic dimensions; fixed canvas/crop reserves space
after,https://presentations.kujolang.ai/sales/3/,https://presentations.kujolang.ai/sales/assets/deck/springline-portfolio.png,"Original unbranded lineup of colorful snacks, beverages and breakfast foods",True,False,,,eager,.png,True,2041529,no intrinsic dimensions; fixed canvas/crop reserves space
after,https://presentations.kujolang.ai/sales/7/,https://presentations.kujolang.ai/sales/assets/deck/springline-dayparts.png,"Four original scenes showing breakfast, midday work, an outdoor snack and dinner",True,False,,,eager,.png,True,2268713,no intrinsic dimensions; fixed canvas/crop reserves space
after,https://presentations.kujolang.ai/sales/8/,https://presentations.kujolang.ai/sales/assets/deck/springline-responsibility.png,Agronomist inspecting crops near an original food production facility,True,False,,,eager,.png,True,2142784,no intrinsic dimensions; fixed canvas/crop reserves space
after,https://presentations.kujolang.ai/sales/,https://presentations.kujolang.ai/sales/assets/deck/springline-gathering.png,Friends sharing colorful drinks and snacks in a bright living room,True,False,,,lazy,.png,True,2231718,no intrinsic dimensions; fixed canvas/crop reserves space
after,https://presentations.kujolang.ai/sales/,https://presentations.kujolang.ai/sales/assets/deck/springline-portfolio.png,"Original unbranded lineup of colorful snacks, beverages and breakfast foods",True,False,,,lazy,.png,True,2041529,no intrinsic dimensions; fixed canvas/crop reserves space
after,https://presentations.kujolang.ai/sales/,https://presentations.kujolang.ai/sales/assets/deck/springline-dayparts.png,"Four original scenes showing breakfast, midday work, an outdoor snack and dinner",True,False,,,lazy,.png,True,2268713,no intrinsic dimensions; fixed canvas/crop reserves space
after,https://presentations.kujolang.ai/sales/,https://presentations.kujolang.ai/sales/assets/deck/springline-responsibility.png,Agronomist inspecting crops near an original food production facility,True,False,,,lazy,.png,True,2142784,no intrinsic dimensions; fixed canvas/crop reserves space
after,https://presentations.kujolang.ai/sales/print/,https://presentations.kujolang.ai/sales/assets/deck/springline-gathering.png,Friends sharing colorful drinks and snacks in a bright living room,True,False,,,eager,.png,True,2231718,no intrinsic dimensions; fixed canvas/crop reserves space
after,https://presentations.kujolang.ai/sales/print/,https://presentations.kujolang.ai/sales/assets/deck/springline-portfolio.png,"Original unbranded lineup of colorful snacks, beverages and breakfast foods",True,False,,,eager,.png,True,2041529,no intrinsic dimensions; fixed canvas/crop reserves space
after,https://presentations.kujolang.ai/sales/print/,https://presentations.kujolang.ai/sales/assets/deck/springline-dayparts.png,"Four original scenes showing breakfast, midday work, an outdoor snack and dinner",True,False,,,eager,.png,True,2268713,no intrinsic dimensions; fixed canvas/crop reserves space
after,https://presentations.kujolang.ai/sales/print/,https://presentations.kujolang.ai/sales/assets/deck/springline-responsibility.png,Agronomist inspecting crops near an original food production facility,True,False,,,eager,.png,True,2142784,no intrinsic dimensions; fixed canvas/crop reserves space
