phase,url,local_status,production_status,indexable,robots_directives,canonical,canonical_target_status,sitemap_included,sitemap_lastmod,reason
baseline,https://presentations.kujolang.ai/404.html,200,200,False,"noindex,follow",,WRONG_OR_MISSING_ORIGIN,False,,
baseline,https://presentations.kujolang.ai/,200,200,True,,https://presentations.kujolang.ai/,200,True,,
baseline,https://presentations.kujolang.ai/investor/1/,200,200,True,,https://presentations.kujolang.ai/investor/1/,200,True,,
baseline,https://presentations.kujolang.ai/investor/2/,200,200,True,,https://presentations.kujolang.ai/investor/2/,200,True,,
baseline,https://presentations.kujolang.ai/investor/3/,200,200,True,,https://presentations.kujolang.ai/investor/3/,200,True,,
baseline,https://presentations.kujolang.ai/investor/4/,200,200,True,,https://presentations.kujolang.ai/investor/4/,200,True,,
baseline,https://presentations.kujolang.ai/investor/404.html,200,200,False,"noindex,follow",,WRONG_OR_MISSING_ORIGIN,False,,
baseline,https://presentations.kujolang.ai/investor/5/,200,200,True,,https://presentations.kujolang.ai/investor/5/,200,True,,
baseline,https://presentations.kujolang.ai/investor/6/,200,200,True,,https://presentations.kujolang.ai/investor/6/,200,True,,
baseline,https://presentations.kujolang.ai/investor/7/,200,200,True,,https://presentations.kujolang.ai/investor/7/,200,True,,
baseline,https://presentations.kujolang.ai/investor/8/,200,200,True,,https://presentations.kujolang.ai/investor/8/,200,True,,
baseline,https://presentations.kujolang.ai/investor/9/,200,200,True,,https://presentations.kujolang.ai/investor/9/,200,True,,
baseline,https://presentations.kujolang.ai/investor/,200,200,True,,https://presentations.kujolang.ai/investor/,200,True,,
baseline,https://presentations.kujolang.ai/investor/presenter/,200,200,False,"noindex,follow",https://presentations.kujolang.ai/investor/presenter/,200,False,,
baseline,https://presentations.kujolang.ai/investor/print/,200,200,False,"noindex,follow",https://presentations.kujolang.ai/investor/print/,200,False,,
baseline,https://presentations.kujolang.ai/investor/reading/,200,200,True,,https://presentations.kujolang.ai/investor/reading/,200,True,,
baseline,https://presentations.kujolang.ai/live-talk/1/,200,200,True,,https://presentations.kujolang.ai/live-talk/1/,200,True,,
baseline,https://presentations.kujolang.ai/live-talk/2/,200,200,True,,https://presentations.kujolang.ai/live-talk/2/,200,True,,
baseline,https://presentations.kujolang.ai/live-talk/3/,200,200,True,,https://presentations.kujolang.ai/live-talk/3/,200,True,,
baseline,https://presentations.kujolang.ai/live-talk/4/,200,200,True,,https://presentations.kujolang.ai/live-talk/4/,200,True,,
baseline,https://presentations.kujolang.ai/live-talk/404.html,200,200,False,"noindex,follow",,WRONG_OR_MISSING_ORIGIN,False,,
baseline,https://presentations.kujolang.ai/live-talk/5/,200,200,True,,https://presentations.kujolang.ai/live-talk/5/,200,True,,
baseline,https://presentations.kujolang.ai/live-talk/6/,200,200,True,,https://presentations.kujolang.ai/live-talk/6/,200,True,,
baseline,https://presentations.kujolang.ai/live-talk/7/,200,200,True,,https://presentations.kujolang.ai/live-talk/7/,200,True,,
baseline,https://presentations.kujolang.ai/live-talk/8/,200,200,True,,https://presentations.kujolang.ai/live-talk/8/,200,True,,
baseline,https://presentations.kujolang.ai/live-talk/9/,200,200,True,,https://presentations.kujolang.ai/live-talk/9/,200,True,,
baseline,https://presentations.kujolang.ai/live-talk/,200,200,True,,https://presentations.kujolang.ai/live-talk/,200,True,,
baseline,https://presentations.kujolang.ai/live-talk/presenter/,200,200,False,"noindex,follow",https://presentations.kujolang.ai/live-talk/presenter/,200,False,,
baseline,https://presentations.kujolang.ai/live-talk/print/,200,200,False,"noindex,follow",https://presentations.kujolang.ai/live-talk/print/,200,False,,
baseline,https://presentations.kujolang.ai/live-talk/reading/,200,200,True,,https://presentations.kujolang.ai/live-talk/reading/,200,True,,
baseline,https://presentations.kujolang.ai/original/1/,200,200,True,,https://presentations.kujolang.ai/original/1/,200,True,,
baseline,https://presentations.kujolang.ai/original/2/,200,200,True,,https://presentations.kujolang.ai/original/2/,200,True,,
baseline,https://presentations.kujolang.ai/original/3/,200,200,True,,https://presentations.kujolang.ai/original/3/,200,True,,
baseline,https://presentations.kujolang.ai/original/4/,200,200,True,,https://presentations.kujolang.ai/original/4/,200,True,,
baseline,https://presentations.kujolang.ai/original/404.html,200,200,False,"noindex,follow",,WRONG_OR_MISSING_ORIGIN,False,,
baseline,https://presentations.kujolang.ai/original/5/,200,200,True,,https://presentations.kujolang.ai/original/5/,200,True,,
baseline,https://presentations.kujolang.ai/original/6/,200,200,True,,https://presentations.kujolang.ai/original/6/,200,True,,
baseline,https://presentations.kujolang.ai/original/7/,200,200,True,,https://presentations.kujolang.ai/original/7/,200,True,,
baseline,https://presentations.kujolang.ai/original/8/,200,200,True,,https://presentations.kujolang.ai/original/8/,200,True,,
baseline,https://presentations.kujolang.ai/original/9/,200,200,True,,https://presentations.kujolang.ai/original/9/,200,True,,
baseline,https://presentations.kujolang.ai/original/,200,200,True,,https://presentations.kujolang.ai/original/,200,True,,
baseline,https://presentations.kujolang.ai/original/presenter/,200,200,False,"noindex,follow",https://presentations.kujolang.ai/original/presenter/,200,False,,
baseline,https://presentations.kujolang.ai/original/print/,200,200,False,"noindex,follow",https://presentations.kujolang.ai/original/print/,200,False,,
baseline,https://presentations.kujolang.ai/original/reading/,200,200,True,,https://presentations.kujolang.ai/original/reading/,200,True,,
baseline,https://presentations.kujolang.ai/sales/1/,200,200,True,,https://presentations.kujolang.ai/sales/1/,200,True,,
baseline,https://presentations.kujolang.ai/sales/2/,200,200,True,,https://presentations.kujolang.ai/sales/2/,200,True,,
baseline,https://presentations.kujolang.ai/sales/3/,200,200,True,,https://presentations.kujolang.ai/sales/3/,200,True,,
baseline,https://presentations.kujolang.ai/sales/4/,200,200,True,,https://presentations.kujolang.ai/sales/4/,200,True,,
baseline,https://presentations.kujolang.ai/sales/404.html,200,200,False,"noindex,follow",,WRONG_OR_MISSING_ORIGIN,False,,
baseline,https://presentations.kujolang.ai/sales/5/,200,200,True,,https://presentations.kujolang.ai/sales/5/,200,True,,
baseline,https://presentations.kujolang.ai/sales/6/,200,200,True,,https://presentations.kujolang.ai/sales/6/,200,True,,
baseline,https://presentations.kujolang.ai/sales/7/,200,200,True,,https://presentations.kujolang.ai/sales/7/,200,True,,
baseline,https://presentations.kujolang.ai/sales/8/,200,200,True,,https://presentations.kujolang.ai/sales/8/,200,True,,
baseline,https://presentations.kujolang.ai/sales/9/,200,200,True,,https://presentations.kujolang.ai/sales/9/,200,True,,
baseline,https://presentations.kujolang.ai/sales/,200,200,True,,https://presentations.kujolang.ai/sales/,200,True,,
baseline,https://presentations.kujolang.ai/sales/presenter/,200,200,False,"noindex,follow",https://presentations.kujolang.ai/sales/presenter/,200,False,,
baseline,https://presentations.kujolang.ai/sales/print/,200,200,False,"noindex,follow",https://presentations.kujolang.ai/sales/print/,200,False,,
baseline,https://presentations.kujolang.ai/sales/reading/,200,200,True,,https://presentations.kujolang.ai/sales/reading/,200,True,,
after,https://presentations.kujolang.ai/404.html,200,200,False,"noindex,follow",,WRONG_OR_MISSING_ORIGIN,False,,
after,https://presentations.kujolang.ai/,200,200,True,,https://presentations.kujolang.ai/,200,True,,
after,https://presentations.kujolang.ai/investor/1/,200,200,True,,https://presentations.kujolang.ai/investor/1/,200,True,,
after,https://presentations.kujolang.ai/investor/2/,200,200,True,,https://presentations.kujolang.ai/investor/2/,200,True,,
after,https://presentations.kujolang.ai/investor/3/,200,200,True,,https://presentations.kujolang.ai/investor/3/,200,True,,
after,https://presentations.kujolang.ai/investor/4/,200,200,True,,https://presentations.kujolang.ai/investor/4/,200,True,,
after,https://presentations.kujolang.ai/investor/404.html,200,200,False,"noindex,follow",,WRONG_OR_MISSING_ORIGIN,False,,
after,https://presentations.kujolang.ai/investor/5/,200,200,True,,https://presentations.kujolang.ai/investor/5/,200,True,,
after,https://presentations.kujolang.ai/investor/6/,200,200,True,,https://presentations.kujolang.ai/investor/6/,200,True,,
after,https://presentations.kujolang.ai/investor/7/,200,200,True,,https://presentations.kujolang.ai/investor/7/,200,True,,
after,https://presentations.kujolang.ai/investor/8/,200,200,True,,https://presentations.kujolang.ai/investor/8/,200,True,,
after,https://presentations.kujolang.ai/investor/9/,200,200,True,,https://presentations.kujolang.ai/investor/9/,200,True,,
after,https://presentations.kujolang.ai/investor/,200,200,True,,https://presentations.kujolang.ai/investor/,200,True,,
after,https://presentations.kujolang.ai/investor/presenter/,200,200,False,"noindex,follow",https://presentations.kujolang.ai/investor/presenter/,200,False,,
after,https://presentations.kujolang.ai/investor/print/,200,200,False,"noindex,follow",https://presentations.kujolang.ai/investor/print/,200,False,,
after,https://presentations.kujolang.ai/investor/reading/,200,200,True,,https://presentations.kujolang.ai/investor/reading/,200,True,,
after,https://presentations.kujolang.ai/live-talk/1/,200,200,True,,https://presentations.kujolang.ai/live-talk/1/,200,True,,
after,https://presentations.kujolang.ai/live-talk/2/,200,200,True,,https://presentations.kujolang.ai/live-talk/2/,200,True,,
after,https://presentations.kujolang.ai/live-talk/3/,200,200,True,,https://presentations.kujolang.ai/live-talk/3/,200,True,,
after,https://presentations.kujolang.ai/live-talk/4/,200,200,True,,https://presentations.kujolang.ai/live-talk/4/,200,True,,
after,https://presentations.kujolang.ai/live-talk/404.html,200,200,False,"noindex,follow",,WRONG_OR_MISSING_ORIGIN,False,,
after,https://presentations.kujolang.ai/live-talk/5/,200,200,True,,https://presentations.kujolang.ai/live-talk/5/,200,True,,
after,https://presentations.kujolang.ai/live-talk/6/,200,200,True,,https://presentations.kujolang.ai/live-talk/6/,200,True,,
after,https://presentations.kujolang.ai/live-talk/7/,200,200,True,,https://presentations.kujolang.ai/live-talk/7/,200,True,,
after,https://presentations.kujolang.ai/live-talk/8/,200,200,True,,https://presentations.kujolang.ai/live-talk/8/,200,True,,
after,https://presentations.kujolang.ai/live-talk/9/,200,200,True,,https://presentations.kujolang.ai/live-talk/9/,200,True,,
after,https://presentations.kujolang.ai/live-talk/,200,200,True,,https://presentations.kujolang.ai/live-talk/,200,True,,
after,https://presentations.kujolang.ai/live-talk/presenter/,200,200,False,"noindex,follow",https://presentations.kujolang.ai/live-talk/presenter/,200,False,,
after,https://presentations.kujolang.ai/live-talk/print/,200,200,False,"noindex,follow",https://presentations.kujolang.ai/live-talk/print/,200,False,,
after,https://presentations.kujolang.ai/live-talk/reading/,200,200,True,,https://presentations.kujolang.ai/live-talk/reading/,200,True,,
after,https://presentations.kujolang.ai/original/1/,200,200,True,,https://presentations.kujolang.ai/original/1/,200,True,,
after,https://presentations.kujolang.ai/original/2/,200,200,True,,https://presentations.kujolang.ai/original/2/,200,True,,
after,https://presentations.kujolang.ai/original/3/,200,200,True,,https://presentations.kujolang.ai/original/3/,200,True,,
after,https://presentations.kujolang.ai/original/4/,200,200,True,,https://presentations.kujolang.ai/original/4/,200,True,,
after,https://presentations.kujolang.ai/original/404.html,200,200,False,"noindex,follow",,WRONG_OR_MISSING_ORIGIN,False,,
after,https://presentations.kujolang.ai/original/5/,200,200,True,,https://presentations.kujolang.ai/original/5/,200,True,,
after,https://presentations.kujolang.ai/original/6/,200,200,True,,https://presentations.kujolang.ai/original/6/,200,True,,
after,https://presentations.kujolang.ai/original/7/,200,200,True,,https://presentations.kujolang.ai/original/7/,200,True,,
after,https://presentations.kujolang.ai/original/8/,200,200,True,,https://presentations.kujolang.ai/original/8/,200,True,,
after,https://presentations.kujolang.ai/original/9/,200,200,True,,https://presentations.kujolang.ai/original/9/,200,True,,
after,https://presentations.kujolang.ai/original/,200,200,True,,https://presentations.kujolang.ai/original/,200,True,,
after,https://presentations.kujolang.ai/original/presenter/,200,200,False,"noindex,follow",https://presentations.kujolang.ai/original/presenter/,200,False,,
after,https://presentations.kujolang.ai/original/print/,200,200,False,"noindex,follow",https://presentations.kujolang.ai/original/print/,200,False,,
after,https://presentations.kujolang.ai/original/reading/,200,200,True,,https://presentations.kujolang.ai/original/reading/,200,True,,
after,https://presentations.kujolang.ai/sales/1/,200,200,True,,https://presentations.kujolang.ai/sales/1/,200,True,,
after,https://presentations.kujolang.ai/sales/2/,200,200,True,,https://presentations.kujolang.ai/sales/2/,200,True,,
after,https://presentations.kujolang.ai/sales/3/,200,200,True,,https://presentations.kujolang.ai/sales/3/,200,True,,
after,https://presentations.kujolang.ai/sales/4/,200,200,True,,https://presentations.kujolang.ai/sales/4/,200,True,,
after,https://presentations.kujolang.ai/sales/404.html,200,200,False,"noindex,follow",,WRONG_OR_MISSING_ORIGIN,False,,
after,https://presentations.kujolang.ai/sales/5/,200,200,True,,https://presentations.kujolang.ai/sales/5/,200,True,,
after,https://presentations.kujolang.ai/sales/6/,200,200,True,,https://presentations.kujolang.ai/sales/6/,200,True,,
after,https://presentations.kujolang.ai/sales/7/,200,200,True,,https://presentations.kujolang.ai/sales/7/,200,True,,
after,https://presentations.kujolang.ai/sales/8/,200,200,True,,https://presentations.kujolang.ai/sales/8/,200,True,,
after,https://presentations.kujolang.ai/sales/9/,200,200,True,,https://presentations.kujolang.ai/sales/9/,200,True,,
after,https://presentations.kujolang.ai/sales/,200,200,True,,https://presentations.kujolang.ai/sales/,200,True,,
after,https://presentations.kujolang.ai/sales/presenter/,200,200,False,"noindex,follow",https://presentations.kujolang.ai/sales/presenter/,200,False,,
after,https://presentations.kujolang.ai/sales/print/,200,200,False,"noindex,follow",https://presentations.kujolang.ai/sales/print/,200,False,,
after,https://presentations.kujolang.ai/sales/reading/,200,200,True,,https://presentations.kujolang.ai/sales/reading/,200,True,,
