phase,url,primary_topic,primary_entity,search_intent,primary_query_theme,secondary_queries,related_entities,relevant_questions,competing_internal_url,content_gap,recommended_action
after,https://presentations.kujolang.ai/,Kujo Presentations,Kujo Presentations,Explore presentation formats,Kujo Presentations browser presentation,web slides; accessible presentation transcript; presentation demo,Kujo; Kujo Presentations; browser-native slides,What does this presentation format look like?; Can I read the full deck as text?,None,No internal cannibalization observed,Measure impressions before expanding query targets
after,https://presentations.kujolang.ai/investor/1/,Vela Investor Briefing,Vela Investor Briefing,View a specific presentation slide,Vela Investor Briefing browser presentation,web slides; accessible presentation transcript; presentation demo,Kujo; Kujo Presentations; browser-native slides,What does this presentation format look like?; Can I read the full deck as text?,None,No internal cannibalization observed,Measure impressions before expanding query targets
after,https://presentations.kujolang.ai/investor/2/,Vela Investor Briefing,Vela Investor Briefing,View a specific presentation slide,Vela Investor Briefing browser presentation,web slides; accessible presentation transcript; presentation demo,Kujo; Kujo Presentations; browser-native slides,What does this presentation format look like?; Can I read the full deck as text?,None,No internal cannibalization observed,Measure impressions before expanding query targets
after,https://presentations.kujolang.ai/investor/3/,Vela Investor Briefing,Vela Investor Briefing,View a specific presentation slide,Vela Investor Briefing browser presentation,web slides; accessible presentation transcript; presentation demo,Kujo; Kujo Presentations; browser-native slides,What does this presentation format look like?; Can I read the full deck as text?,None,No internal cannibalization observed,Measure impressions before expanding query targets
after,https://presentations.kujolang.ai/investor/4/,Vela Investor Briefing,Vela Investor Briefing,View a specific presentation slide,Vela Investor Briefing browser presentation,web slides; accessible presentation transcript; presentation demo,Kujo; Kujo Presentations; browser-native slides,What does this presentation format look like?; Can I read the full deck as text?,None,No internal cannibalization observed,Measure impressions before expanding query targets
after,https://presentations.kujolang.ai/investor/5/,Vela Investor Briefing,Vela Investor Briefing,View a specific presentation slide,Vela Investor Briefing browser presentation,web slides; accessible presentation transcript; presentation demo,Kujo; Kujo Presentations; browser-native slides,What does this presentation format look like?; Can I read the full deck as text?,None,No internal cannibalization observed,Measure impressions before expanding query targets
after,https://presentations.kujolang.ai/investor/6/,Vela Investor Briefing,Vela Investor Briefing,View a specific presentation slide,Vela Investor Briefing browser presentation,web slides; accessible presentation transcript; presentation demo,Kujo; Kujo Presentations; browser-native slides,What does this presentation format look like?; Can I read the full deck as text?,None,No internal cannibalization observed,Measure impressions before expanding query targets
after,https://presentations.kujolang.ai/investor/7/,Vela Investor Briefing,Vela Investor Briefing,View a specific presentation slide,Vela Investor Briefing browser presentation,web slides; accessible presentation transcript; presentation demo,Kujo; Kujo Presentations; browser-native slides,What does this presentation format look like?; Can I read the full deck as text?,None,No internal cannibalization observed,Measure impressions before expanding query targets
after,https://presentations.kujolang.ai/investor/8/,Vela Investor Briefing,Vela Investor Briefing,View a specific presentation slide,Vela Investor Briefing browser presentation,web slides; accessible presentation transcript; presentation demo,Kujo; Kujo Presentations; browser-native slides,What does this presentation format look like?; Can I read the full deck as text?,None,No internal cannibalization observed,Measure impressions before expanding query targets
after,https://presentations.kujolang.ai/investor/9/,Vela Investor Briefing,Vela Investor Briefing,View a specific presentation slide,Vela Investor Briefing browser presentation,web slides; accessible presentation transcript; presentation demo,Kujo; Kujo Presentations; browser-native slides,What does this presentation format look like?; Can I read the full deck as text?,None,No internal cannibalization observed,Measure impressions before expanding query targets
after,https://presentations.kujolang.ai/investor/,Vela Investor Briefing,Vela Investor Briefing,Preview and start a complete presentation,Vela Investor Briefing browser presentation,web slides; accessible presentation transcript; presentation demo,Kujo; Kujo Presentations; browser-native slides,What does this presentation format look like?; Can I read the full deck as text?,None,No internal cannibalization observed,Measure impressions before expanding query targets
after,https://presentations.kujolang.ai/investor/reading/,Vela Investor Briefing,Vela Investor Briefing,Read a complete presentation,Vela Investor Briefing browser presentation,web slides; accessible presentation transcript; presentation demo,Kujo; Kujo Presentations; browser-native slides,What does this presentation format look like?; Can I read the full deck as text?,None,No internal cannibalization observed,Measure impressions before expanding query targets
after,https://presentations.kujolang.ai/live-talk/1/,"AI at Work: Adoption Rises, but Value Lags","AI at Work: Adoption Rises, but Value Lags",View a specific presentation slide,"AI at Work: Adoption Rises, but Value Lags browser presentation",web slides; accessible presentation transcript; presentation demo,Kujo; Kujo Presentations; browser-native slides,What does this presentation format look like?; Can I read the full deck as text?,None,No internal cannibalization observed,Measure impressions before expanding query targets
after,https://presentations.kujolang.ai/live-talk/2/,"AI at Work: Adoption Rises, but Value Lags","AI at Work: Adoption Rises, but Value Lags",View a specific presentation slide,"AI at Work: Adoption Rises, but Value Lags browser presentation",web slides; accessible presentation transcript; presentation demo,Kujo; Kujo Presentations; browser-native slides,What does this presentation format look like?; Can I read the full deck as text?,None,No internal cannibalization observed,Measure impressions before expanding query targets
after,https://presentations.kujolang.ai/live-talk/3/,"AI at Work: Adoption Rises, but Value Lags","AI at Work: Adoption Rises, but Value Lags",View a specific presentation slide,"AI at Work: Adoption Rises, but Value Lags browser presentation",web slides; accessible presentation transcript; presentation demo,Kujo; Kujo Presentations; browser-native slides,What does this presentation format look like?; Can I read the full deck as text?,None,No internal cannibalization observed,Measure impressions before expanding query targets
after,https://presentations.kujolang.ai/live-talk/4/,"AI at Work: Adoption Rises, but Value Lags","AI at Work: Adoption Rises, but Value Lags",View a specific presentation slide,"AI at Work: Adoption Rises, but Value Lags browser presentation",web slides; accessible presentation transcript; presentation demo,Kujo; Kujo Presentations; browser-native slides,What does this presentation format look like?; Can I read the full deck as text?,None,No internal cannibalization observed,Measure impressions before expanding query targets
after,https://presentations.kujolang.ai/live-talk/5/,"AI at Work: Adoption Rises, but Value Lags","AI at Work: Adoption Rises, but Value Lags",View a specific presentation slide,"AI at Work: Adoption Rises, but Value Lags browser presentation",web slides; accessible presentation transcript; presentation demo,Kujo; Kujo Presentations; browser-native slides,What does this presentation format look like?; Can I read the full deck as text?,None,No internal cannibalization observed,Measure impressions before expanding query targets
after,https://presentations.kujolang.ai/live-talk/6/,"AI at Work: Adoption Rises, but Value Lags","AI at Work: Adoption Rises, but Value Lags",View a specific presentation slide,"AI at Work: Adoption Rises, but Value Lags browser presentation",web slides; accessible presentation transcript; presentation demo,Kujo; Kujo Presentations; browser-native slides,What does this presentation format look like?; Can I read the full deck as text?,None,No internal cannibalization observed,Measure impressions before expanding query targets
after,https://presentations.kujolang.ai/live-talk/7/,"AI at Work: Adoption Rises, but Value Lags","AI at Work: Adoption Rises, but Value Lags",View a specific presentation slide,"AI at Work: Adoption Rises, but Value Lags browser presentation",web slides; accessible presentation transcript; presentation demo,Kujo; Kujo Presentations; browser-native slides,What does this presentation format look like?; Can I read the full deck as text?,None,No internal cannibalization observed,Measure impressions before expanding query targets
after,https://presentations.kujolang.ai/live-talk/8/,"AI at Work: Adoption Rises, but Value Lags","AI at Work: Adoption Rises, but Value Lags",View a specific presentation slide,"AI at Work: Adoption Rises, but Value Lags browser presentation",web slides; accessible presentation transcript; presentation demo,Kujo; Kujo Presentations; browser-native slides,What does this presentation format look like?; Can I read the full deck as text?,None,No internal cannibalization observed,Measure impressions before expanding query targets
after,https://presentations.kujolang.ai/live-talk/9/,"AI at Work: Adoption Rises, but Value Lags","AI at Work: Adoption Rises, but Value Lags",View a specific presentation slide,"AI at Work: Adoption Rises, but Value Lags browser presentation",web slides; accessible presentation transcript; presentation demo,Kujo; Kujo Presentations; browser-native slides,What does this presentation format look like?; Can I read the full deck as text?,None,No internal cannibalization observed,Measure impressions before expanding query targets
after,https://presentations.kujolang.ai/live-talk/,"AI at Work: Adoption Rises, but Value Lags","AI at Work: Adoption Rises, but Value Lags",Preview and start a complete presentation,"AI at Work: Adoption Rises, but Value Lags browser presentation",web slides; accessible presentation transcript; presentation demo,Kujo; Kujo Presentations; browser-native slides,What does this presentation format look like?; Can I read the full deck as text?,None,No internal cannibalization observed,Measure impressions before expanding query targets
after,https://presentations.kujolang.ai/live-talk/reading/,"AI at Work: Adoption Rises, but Value Lags","AI at Work: Adoption Rises, but Value Lags",Read a complete presentation,"AI at Work: Adoption Rises, but Value Lags browser presentation",web slides; accessible presentation transcript; presentation demo,Kujo; Kujo Presentations; browser-native slides,What does this presentation format look like?; Can I read the full deck as text?,None,No internal cannibalization observed,Measure impressions before expanding query targets
after,https://presentations.kujolang.ai/original/1/,A new perspective on media,A new perspective on media,View a specific presentation slide,A new perspective on media browser presentation,web slides; accessible presentation transcript; presentation demo,Kujo; Kujo Presentations; browser-native slides,What does this presentation format look like?; Can I read the full deck as text?,None,No internal cannibalization observed,Measure impressions before expanding query targets
after,https://presentations.kujolang.ai/original/2/,A new perspective on media,A new perspective on media,View a specific presentation slide,A new perspective on media browser presentation,web slides; accessible presentation transcript; presentation demo,Kujo; Kujo Presentations; browser-native slides,What does this presentation format look like?; Can I read the full deck as text?,None,No internal cannibalization observed,Measure impressions before expanding query targets
after,https://presentations.kujolang.ai/original/3/,A new perspective on media,A new perspective on media,View a specific presentation slide,A new perspective on media browser presentation,web slides; accessible presentation transcript; presentation demo,Kujo; Kujo Presentations; browser-native slides,What does this presentation format look like?; Can I read the full deck as text?,None,No internal cannibalization observed,Measure impressions before expanding query targets
after,https://presentations.kujolang.ai/original/4/,A new perspective on media,A new perspective on media,View a specific presentation slide,A new perspective on media browser presentation,web slides; accessible presentation transcript; presentation demo,Kujo; Kujo Presentations; browser-native slides,What does this presentation format look like?; Can I read the full deck as text?,None,No internal cannibalization observed,Measure impressions before expanding query targets
after,https://presentations.kujolang.ai/original/5/,A new perspective on media,A new perspective on media,View a specific presentation slide,A new perspective on media browser presentation,web slides; accessible presentation transcript; presentation demo,Kujo; Kujo Presentations; browser-native slides,What does this presentation format look like?; Can I read the full deck as text?,None,No internal cannibalization observed,Measure impressions before expanding query targets
after,https://presentations.kujolang.ai/original/6/,A new perspective on media,A new perspective on media,View a specific presentation slide,A new perspective on media browser presentation,web slides; accessible presentation transcript; presentation demo,Kujo; Kujo Presentations; browser-native slides,What does this presentation format look like?; Can I read the full deck as text?,None,No internal cannibalization observed,Measure impressions before expanding query targets
after,https://presentations.kujolang.ai/original/7/,A new perspective on media,A new perspective on media,View a specific presentation slide,A new perspective on media browser presentation,web slides; accessible presentation transcript; presentation demo,Kujo; Kujo Presentations; browser-native slides,What does this presentation format look like?; Can I read the full deck as text?,None,No internal cannibalization observed,Measure impressions before expanding query targets
after,https://presentations.kujolang.ai/original/8/,A new perspective on media,A new perspective on media,View a specific presentation slide,A new perspective on media browser presentation,web slides; accessible presentation transcript; presentation demo,Kujo; Kujo Presentations; browser-native slides,What does this presentation format look like?; Can I read the full deck as text?,None,No internal cannibalization observed,Measure impressions before expanding query targets
after,https://presentations.kujolang.ai/original/9/,A new perspective on media,A new perspective on media,View a specific presentation slide,A new perspective on media browser presentation,web slides; accessible presentation transcript; presentation demo,Kujo; Kujo Presentations; browser-native slides,What does this presentation format look like?; Can I read the full deck as text?,None,No internal cannibalization observed,Measure impressions before expanding query targets
after,https://presentations.kujolang.ai/original/,A new perspective on media,A new perspective on media,Preview and start a complete presentation,A new perspective on media browser presentation,web slides; accessible presentation transcript; presentation demo,Kujo; Kujo Presentations; browser-native slides,What does this presentation format look like?; Can I read the full deck as text?,None,No internal cannibalization observed,Measure impressions before expanding query targets
after,https://presentations.kujolang.ai/original/reading/,A new perspective on media,A new perspective on media,Read a complete presentation,A new perspective on media browser presentation,web slides; accessible presentation transcript; presentation demo,Kujo; Kujo Presentations; browser-native slides,What does this presentation format look like?; Can I read the full deck as text?,None,No internal cannibalization observed,Measure impressions before expanding query targets
after,https://presentations.kujolang.ai/sales/1/,Springline Consumer Company Overview,Springline Consumer Company Overview,View a specific presentation slide,Springline Consumer Company Overview browser presentation,web slides; accessible presentation transcript; presentation demo,Kujo; Kujo Presentations; browser-native slides,What does this presentation format look like?; Can I read the full deck as text?,None,No internal cannibalization observed,Measure impressions before expanding query targets
after,https://presentations.kujolang.ai/sales/2/,Springline Consumer Company Overview,Springline Consumer Company Overview,View a specific presentation slide,Springline Consumer Company Overview browser presentation,web slides; accessible presentation transcript; presentation demo,Kujo; Kujo Presentations; browser-native slides,What does this presentation format look like?; Can I read the full deck as text?,None,No internal cannibalization observed,Measure impressions before expanding query targets
after,https://presentations.kujolang.ai/sales/3/,Springline Consumer Company Overview,Springline Consumer Company Overview,View a specific presentation slide,Springline Consumer Company Overview browser presentation,web slides; accessible presentation transcript; presentation demo,Kujo; Kujo Presentations; browser-native slides,What does this presentation format look like?; Can I read the full deck as text?,None,No internal cannibalization observed,Measure impressions before expanding query targets
after,https://presentations.kujolang.ai/sales/4/,Springline Consumer Company Overview,Springline Consumer Company Overview,View a specific presentation slide,Springline Consumer Company Overview browser presentation,web slides; accessible presentation transcript; presentation demo,Kujo; Kujo Presentations; browser-native slides,What does this presentation format look like?; Can I read the full deck as text?,None,No internal cannibalization observed,Measure impressions before expanding query targets
after,https://presentations.kujolang.ai/sales/5/,Springline Consumer Company Overview,Springline Consumer Company Overview,View a specific presentation slide,Springline Consumer Company Overview browser presentation,web slides; accessible presentation transcript; presentation demo,Kujo; Kujo Presentations; browser-native slides,What does this presentation format look like?; Can I read the full deck as text?,None,No internal cannibalization observed,Measure impressions before expanding query targets
after,https://presentations.kujolang.ai/sales/6/,Springline Consumer Company Overview,Springline Consumer Company Overview,View a specific presentation slide,Springline Consumer Company Overview browser presentation,web slides; accessible presentation transcript; presentation demo,Kujo; Kujo Presentations; browser-native slides,What does this presentation format look like?; Can I read the full deck as text?,None,No internal cannibalization observed,Measure impressions before expanding query targets
after,https://presentations.kujolang.ai/sales/7/,Springline Consumer Company Overview,Springline Consumer Company Overview,View a specific presentation slide,Springline Consumer Company Overview browser presentation,web slides; accessible presentation transcript; presentation demo,Kujo; Kujo Presentations; browser-native slides,What does this presentation format look like?; Can I read the full deck as text?,None,No internal cannibalization observed,Measure impressions before expanding query targets
after,https://presentations.kujolang.ai/sales/8/,Springline Consumer Company Overview,Springline Consumer Company Overview,View a specific presentation slide,Springline Consumer Company Overview browser presentation,web slides; accessible presentation transcript; presentation demo,Kujo; Kujo Presentations; browser-native slides,What does this presentation format look like?; Can I read the full deck as text?,None,No internal cannibalization observed,Measure impressions before expanding query targets
after,https://presentations.kujolang.ai/sales/9/,Springline Consumer Company Overview,Springline Consumer Company Overview,View a specific presentation slide,Springline Consumer Company Overview browser presentation,web slides; accessible presentation transcript; presentation demo,Kujo; Kujo Presentations; browser-native slides,What does this presentation format look like?; Can I read the full deck as text?,None,No internal cannibalization observed,Measure impressions before expanding query targets
after,https://presentations.kujolang.ai/sales/,Springline Consumer Company Overview,Springline Consumer Company Overview,Preview and start a complete presentation,Springline Consumer Company Overview browser presentation,web slides; accessible presentation transcript; presentation demo,Kujo; Kujo Presentations; browser-native slides,What does this presentation format look like?; Can I read the full deck as text?,None,No internal cannibalization observed,Measure impressions before expanding query targets
after,https://presentations.kujolang.ai/sales/reading/,Springline Consumer Company Overview,Springline Consumer Company Overview,Read a complete presentation,Springline Consumer Company Overview browser presentation,web slides; accessible presentation transcript; presentation demo,Kujo; Kujo Presentations; browser-native slides,What does this presentation format look like?; Can I read the full deck as text?,None,No internal cannibalization observed,Measure impressions before expanding query targets
