phase,url,source_file,page_type,title,title_length,meta_description,description_length,canonical,robots_directives,lang,author,og_title,og_description,og_url,og_type,og_image,twitter_card,duplicate_title,duplicate_description,issues
baseline,https://presentations.kujolang.ai/404.html,404.html,404.html,Not found — Kujo Presentations,30,,0,,"noindex,follow",en,,,,,,,,False,False,missing description
baseline,https://presentations.kujolang.ai/,index.html,overview,"Kujo Presentations — Slides, authored for the web",49,"Explore four complete Kujo Presentations demos: the original media deck, an investor pitch, a consumer company overview, and an AI workforce research report.",157,https://presentations.kujolang.ai/,,en,,Kujo Presentations,"Slides, authored for the web. Explore four complete presentation demos.",https://presentations.kujolang.ai/,website,,summary,False,False,
baseline,https://presentations.kujolang.ai/investor/1/,investor/1/index.html,investor/1,"2027
Investor Briefing — Vela Investor Briefing",47,"A premium membership network built around the way people travel, dine and do business.",86,https://presentations.kujolang.ai/investor/1/,,en,,"2027
Investor Briefing — Vela Investor Briefing","A premium membership network built around the way people travel, dine and do business.",https://presentations.kujolang.ai/investor/1/,website,,summary,False,False,
baseline,https://presentations.kujolang.ai/investor/2/,investor/2/index.html,investor/2,Four strengths power one durable model — Vela Investor Briefing,63,Vela connects premium members and partners through products people choose to keep using.,88,https://presentations.kujolang.ai/investor/2/,,en,,Four strengths power one durable model — Vela Investor Briefing,Vela connects premium members and partners through products people choose to keep using.,https://presentations.kujolang.ai/investor/2/,website,,summary,False,False,
baseline,https://presentations.kujolang.ai/investor/3/,investor/3/index.html,investor/3,"A large, durable runway — Vela Investor Briefing",48,"Premium digital spend expands as travel returns, younger members enter the category and more commerce moves across borders.",123,https://presentations.kujolang.ai/investor/3/,,en,,"A large, durable runway — Vela Investor Briefing","Premium digital spend expands as travel returns, younger members enter the category and more commerce moves across borders.",https://presentations.kujolang.ai/investor/3/,website,,summary,False,False,
baseline,https://presentations.kujolang.ai/investor/4/,investor/4/index.html,investor/4,Membership is the growth engine — Vela Investor Briefing,56,"Useful products earn a place in everyday life. Better experiences increase engagement, which attracts stronger partners and funds the next refresh.",147,https://presentations.kujolang.ai/investor/4/,,en,,Membership is the growth engine — Vela Investor Briefing,"Useful products earn a place in everyday life. Better experiences increase engagement, which attracts stronger partners and funds the next refresh.",https://presentations.kujolang.ai/investor/4/,website,,summary,False,False,
baseline,https://presentations.kujolang.ai/investor/404.html,investor/404.html,investor/404.html,Slide not found,15,This page was not found. Open the presentation overview to choose a slide.,74,,"noindex,follow",en,,Slide not found,This page was not found. Open the presentation overview to choose a slide.,,website,,summary,True,True,
baseline,https://presentations.kujolang.ai/investor/5/,investor/5/index.html,investor/5,Designed for the members shaping spend — Vela Investor Briefing,63,Vela focuses on customers whose expectations pull the category forward.,71,https://presentations.kujolang.ai/investor/5/,,en,,Designed for the members shaping spend — Vela Investor Briefing,Vela focuses on customers whose expectations pull the category forward.,https://presentations.kujolang.ai/investor/5/,website,,summary,False,False,
baseline,https://presentations.kujolang.ai/investor/6/,investor/6/index.html,investor/6,Value that travels beyond the card — Vela Investor Briefing,59,"The strongest benefits solve real moments: where to stay, where to eat and who can help when plans change.",106,https://presentations.kujolang.ai/investor/6/,,en,,Value that travels beyond the card — Vela Investor Briefing,"The strongest benefits solve real moments: where to stay, where to eat and who can help when plans change.",https://presentations.kujolang.ai/investor/6/,website,,summary,False,False,
baseline,https://presentations.kujolang.ai/investor/7/,investor/7/index.html,investor/7,A balanced revenue model — Vela Investor Briefing,49,Four complementary streams reduce dependence on any single behavior while keeping the member relationship at the center.,120,https://presentations.kujolang.ai/investor/7/,,en,,A balanced revenue model — Vela Investor Briefing,Four complementary streams reduce dependence on any single behavior while keeping the member relationship at the center.,https://presentations.kujolang.ai/investor/7/,website,,summary,False,False,
baseline,https://presentations.kujolang.ai/investor/8/,investor/8/index.html,investor/8,Investment compounds the advantage — Vela Investor Briefing,59,Vela reinvests in member value and service while keeping a disciplined operating frame.,87,https://presentations.kujolang.ai/investor/8/,,en,,Investment compounds the advantage — Vela Investor Briefing,Vela reinvests in member value and service while keeping a disciplined operating frame.,https://presentations.kujolang.ai/investor/8/,website,,summary,False,False,
baseline,https://presentations.kujolang.ai/investor/9/,investor/9/index.html,investor/9,"Membership is
the advantage. — Vela Investor Briefing",53,Vela is an original fictional investor story created with Kujo Presentations.,77,https://presentations.kujolang.ai/investor/9/,,en,,"Membership is
the advantage. — Vela Investor Briefing",Vela is an original fictional investor story created with Kujo Presentations.,https://presentations.kujolang.ai/investor/9/,website,,summary,False,False,
baseline,https://presentations.kujolang.ai/investor/,investor/index.html,investor,Vela Investor Briefing,22,A fictional premium membership and payments investor narrative inspired by the discipline of leading financial presentations.,125,https://presentations.kujolang.ai/investor/,,en,,Vela Investor Briefing,A fictional premium membership and payments investor narrative inspired by the discipline of leading financial presentations.,https://presentations.kujolang.ai/investor/,website,,summary,False,False,
baseline,https://presentations.kujolang.ai/investor/presenter/,investor/presenter/index.html,investor/presenter,Vela Investor Briefing — Presenter,34,Presenter controls for Vela Investor Briefing,45,https://presentations.kujolang.ai/investor/presenter/,"noindex,follow",en,,Vela Investor Briefing — Presenter,Presenter controls for Vela Investor Briefing,https://presentations.kujolang.ai/investor/presenter/,website,,summary,False,False,
baseline,https://presentations.kujolang.ai/investor/print/,investor/print/index.html,investor/print,Vela Investor Briefing — Print,30,Printable slides for Vela Investor Briefing,43,https://presentations.kujolang.ai/investor/print/,"noindex,follow",en,,Vela Investor Briefing — Print,Printable slides for Vela Investor Briefing,https://presentations.kujolang.ai/investor/print/,website,,summary,False,False,
baseline,https://presentations.kujolang.ai/investor/reading/,investor/reading/index.html,investor/reading,Vela Investor Briefing — Read text,34,Read the complete presentation: A fictional premium membership and payments investor narrative inspired by the discipline of leading financial presentations.,157,https://presentations.kujolang.ai/investor/reading/,,en,,Vela Investor Briefing — Read text,Read the complete presentation: A fictional premium membership and payments investor narrative inspired by the discipline of leading financial presentations.,https://presentations.kujolang.ai/investor/reading/,website,,summary,False,False,
baseline,https://presentations.kujolang.ai/live-talk/1/,live-talk/1/index.html,live-talk/1,"AI at Work:
Adoption Rises,
but Value Lags — AI at Work: Adoption Rises, but Value Lags",87,A fictional workforce study on the gap between access and meaningful use.,73,https://presentations.kujolang.ai/live-talk/1/,,en,,"AI at Work:
Adoption Rises,
but Value Lags — AI at Work: Adoption Rises, but Value Lags",A fictional workforce study on the gap between access and meaningful use.,https://presentations.kujolang.ai/live-talk/1/,website,,summary,False,False,
baseline,https://presentations.kujolang.ai/live-talk/2/,live-talk/2/index.html,live-talk/2,"Survey parameters — AI at Work: Adoption Rises, but Value Lags",62,A fictional cross-market sample designed to show a consulting research profile.,79,https://presentations.kujolang.ai/live-talk/2/,,en,,"Survey parameters — AI at Work: Adoption Rises, but Value Lags",A fictional cross-market sample designed to show a consulting research profile.,https://presentations.kujolang.ai/live-talk/2/,website,,summary,False,False,
baseline,https://presentations.kujolang.ai/live-talk/3/,live-talk/3/index.html,live-talk/3,"Four findings from the workforce — AI at Work: Adoption Rises, but Value Lags",77,Access has spread faster than the practices that turn AI into dependable value.,79,https://presentations.kujolang.ai/live-talk/3/,,en,,"Four findings from the workforce — AI at Work: Adoption Rises, but Value Lags",Access has spread faster than the practices that turn AI into dependable value.,https://presentations.kujolang.ai/live-talk/3/,website,,summary,False,False,
baseline,https://presentations.kujolang.ai/live-talk/4/,live-talk/4/index.html,live-talk/4,"Adoption is high, but frontline use has stalled — AI at Work: Adoption Rises, but Value Lags",92,"Regular AI use rises with seniority, leaving the employees closest to daily operations behind.",94,https://presentations.kujolang.ai/live-talk/4/,,en,,"Adoption is high, but frontline use has stalled — AI at Work: Adoption Rises, but Value Lags","Regular AI use rises with seniority, leaving the employees closest to daily operations behind.",https://presentations.kujolang.ai/live-talk/4/,website,,summary,False,False,
baseline,https://presentations.kujolang.ai/live-talk/404.html,live-talk/404.html,live-talk/404.html,Slide not found,15,This page was not found. Open the presentation overview to choose a slide.,74,,"noindex,follow",en,,Slide not found,This page was not found. Open the presentation overview to choose a slide.,,website,,summary,True,True,
baseline,https://presentations.kujolang.ai/live-talk/5/,live-talk/5/index.html,live-talk/5,"Time savings depend on the work — AI at Work: Adoption Rises, but Value Lags",76,Employees report the largest gains in repeatable administrative tasks and the smallest gains in professional development.,121,https://presentations.kujolang.ai/live-talk/5/,,en,,"Time savings depend on the work — AI at Work: Adoption Rises, but Value Lags",Employees report the largest gains in repeatable administrative tasks and the smallest gains in professional development.,https://presentations.kujolang.ai/live-talk/5/,website,,summary,False,False,
baseline,https://presentations.kujolang.ai/live-talk/6/,live-talk/6/index.html,live-talk/6,"Three barriers shape adoption — AI at Work: Adoption Rises, but Value Lags",74,"Employees need practical instruction, approved tools, and visible support from leaders.",87,https://presentations.kujolang.ai/live-talk/6/,,en,,"Three barriers shape adoption — AI at Work: Adoption Rises, but Value Lags","Employees need practical instruction, approved tools, and visible support from leaders.",https://presentations.kujolang.ai/live-talk/6/,website,,summary,False,False,
baseline,https://presentations.kujolang.ai/live-talk/7/,live-talk/7/index.html,live-talk/7,"Workflow redesign remains uneven — AI at Work: Adoption Rises, but Value Lags",77,Most companies deploy AI inside existing processes. Fewer reshape the work or invent a different model.,103,https://presentations.kujolang.ai/live-talk/7/,,en,,"Workflow redesign remains uneven — AI at Work: Adoption Rises, but Value Lags",Most companies deploy AI inside existing processes. Fewer reshape the work or invent a different model.,https://presentations.kujolang.ai/live-talk/7/,website,,summary,False,False,
baseline,https://presentations.kujolang.ai/live-talk/8/,live-talk/8/index.html,live-talk/8,"AI agents show promise, but understanding remains low — AI at Work: Adoption Rises, but Value Lags",98,"Interest is broad. Familiarity with governance, limits, and day-to-day use remains narrow.",90,https://presentations.kujolang.ai/live-talk/8/,,en,,"AI agents show promise, but understanding remains low — AI at Work: Adoption Rises, but Value Lags","Interest is broad. Familiarity with governance, limits, and day-to-day use remains narrow.",https://presentations.kujolang.ai/live-talk/8/,website,,summary,False,False,
baseline,https://presentations.kujolang.ai/live-talk/9/,live-talk/9/index.html,live-talk/9,"Four priorities for leaders — AI at Work: Adoption Rises, but Value Lags",72,The next phase depends on practical capability and deliberate workflow choices.,79,https://presentations.kujolang.ai/live-talk/9/,,en,,"Four priorities for leaders — AI at Work: Adoption Rises, but Value Lags",The next phase depends on practical capability and deliberate workflow choices.,https://presentations.kujolang.ai/live-talk/9/,website,,summary,False,False,
baseline,https://presentations.kujolang.ai/live-talk/,live-talk/index.html,live-talk,"AI at Work: Adoption Rises, but Value Lags",42,"A fictional workforce research report on enterprise AI adoption, training, workflow redesign, and AI agents.",108,https://presentations.kujolang.ai/live-talk/,,en,,"AI at Work: Adoption Rises, but Value Lags","A fictional workforce research report on enterprise AI adoption, training, workflow redesign, and AI agents.",https://presentations.kujolang.ai/live-talk/,website,,summary,False,False,
baseline,https://presentations.kujolang.ai/live-talk/presenter/,live-talk/presenter/index.html,live-talk/presenter,"AI at Work: Adoption Rises, but Value Lags — Presenter",54,"Presenter controls for AI at Work: Adoption Rises, but Value Lags",65,https://presentations.kujolang.ai/live-talk/presenter/,"noindex,follow",en,,"AI at Work: Adoption Rises, but Value Lags — Presenter","Presenter controls for AI at Work: Adoption Rises, but Value Lags",https://presentations.kujolang.ai/live-talk/presenter/,website,,summary,False,False,
baseline,https://presentations.kujolang.ai/live-talk/print/,live-talk/print/index.html,live-talk/print,"AI at Work: Adoption Rises, but Value Lags — Print",50,"Printable slides for AI at Work: Adoption Rises, but Value Lags",63,https://presentations.kujolang.ai/live-talk/print/,"noindex,follow",en,,"AI at Work: Adoption Rises, but Value Lags — Print","Printable slides for AI at Work: Adoption Rises, but Value Lags",https://presentations.kujolang.ai/live-talk/print/,website,,summary,False,False,
baseline,https://presentations.kujolang.ai/live-talk/reading/,live-talk/reading/index.html,live-talk/reading,"AI at Work: Adoption Rises, but Value Lags — Read text",54,"Read the complete presentation: A fictional workforce research report on enterprise AI adoption, training, workflow redesign, and AI agents.",140,https://presentations.kujolang.ai/live-talk/reading/,,en,,"AI at Work: Adoption Rises, but Value Lags — Read text","Read the complete presentation: A fictional workforce research report on enterprise AI adoption, training, workflow redesign, and AI agents.",https://presentations.kujolang.ai/live-talk/reading/,website,,summary,False,False,
baseline,https://presentations.kujolang.ai/original/1/,original/1/index.html,original/1,"Innovating media
for a digital age — A new perspective on media",63,We connect bold ideas with curious audiences. Independent thinking. Meaningful stories. Made for the way the world moves.,121,https://presentations.kujolang.ai/original/1/,,en,,"Innovating media
for a digital age — A new perspective on media",We connect bold ideas with curious audiences. Independent thinking. Meaningful stories. Made for the way the world moves.,https://presentations.kujolang.ai/original/1/,website,,summary,False,False,
baseline,https://presentations.kujolang.ai/original/2/,original/2/index.html,original/2,"Presentation
content index — A new perspective on media",55,"From a shared challenge to a lasting impact. A closer look at the ideas, people and possibilities shaping our next chapter.",123,https://presentations.kujolang.ai/original/2/,,en,,"Presentation
content index — A new perspective on media","From a shared challenge to a lasting impact. A closer look at the ideas, people and possibilities shaping our next chapter.",https://presentations.kujolang.ai/original/2/,website,,summary,False,False,
baseline,https://presentations.kujolang.ai/original/3/,original/3/index.html,original/3,"Problem
statement — A new perspective on media",46,More content. Less connection. The media landscape has never been louder—or harder to navigate.,95,https://presentations.kujolang.ai/original/3/,,en,,"Problem
statement — A new perspective on media",More content. Less connection. The media landscape has never been louder—or harder to navigate.,https://presentations.kujolang.ai/original/3/,website,,summary,False,False,
baseline,https://presentations.kujolang.ai/original/4/,original/4/index.html,original/4,"Our solutions for
lasting impact — A new perspective on media",61,Build with intention. We bring editorial care and creative experimentation together to make work that stays with people.,120,https://presentations.kujolang.ai/original/4/,,en,,"Our solutions for
lasting impact — A new perspective on media",Build with intention. We bring editorial care and creative experimentation together to make work that stays with people.,https://presentations.kujolang.ai/original/4/,website,,summary,False,False,
baseline,https://presentations.kujolang.ai/original/404.html,original/404.html,original/404.html,Slide not found,15,This page was not found. Open the presentation overview to choose a slide.,74,,"noindex,follow",en,,Slide not found,This page was not found. Open the presentation overview to choose a slide.,,website,,summary,True,True,
baseline,https://presentations.kujolang.ai/original/5/,original/5/index.html,original/5,Market opportunity — A new perspective on media,47,A connected generation is choosing media on its own terms. There is room for a more thoughtful kind of publisher.,113,https://presentations.kujolang.ai/original/5/,,en,,Market opportunity — A new perspective on media,A connected generation is choosing media on its own terms. There is room for a more thoughtful kind of publisher.,https://presentations.kujolang.ai/original/5/,website,,summary,False,False,
baseline,https://presentations.kujolang.ai/original/6/,original/6/index.html,original/6,"Unique value
proposition — A new perspective on media",53,Independent perspective. Connected thinking. A creative partner that sees the whole picture and cares about every detail.,121,https://presentations.kujolang.ai/original/6/,,en,,"Unique value
proposition — A new perspective on media",Independent perspective. Connected thinking. A creative partner that sees the whole picture and cares about every detail.,https://presentations.kujolang.ai/original/6/,website,,summary,False,False,
baseline,https://presentations.kujolang.ai/original/7/,original/7/index.html,original/7,"Business
model — A new perspective on media",43,"A balanced model that supports independent creativity and shared, sustainable growth.",85,https://presentations.kujolang.ai/original/7/,,en,,"Business
model — A new perspective on media","A balanced model that supports independent creativity and shared, sustainable growth.",https://presentations.kujolang.ai/original/7/,website,,summary,False,False,
baseline,https://presentations.kujolang.ai/original/8/,original/8/index.html,original/8,"Curating content
for every viewer — A new perspective on media",62,"The right story, in the right format, at the right moment. Discover something that feels made for you.",102,https://presentations.kujolang.ai/original/8/,,en,,"Curating content
for every viewer — A new perspective on media","The right story, in the right format, at the right moment. Discover something that feels made for you.",https://presentations.kujolang.ai/original/8/,website,,summary,False,False,
baseline,https://presentations.kujolang.ai/original/9/,original/9/index.html,original/9,"Diverse media
offerings — A new perspective on media",52,Watch. Listen. Read. Participate. Different ways to experience the stories that bring us together.,98,https://presentations.kujolang.ai/original/9/,,en,,"Diverse media
offerings — A new perspective on media",Watch. Listen. Read. Participate. Different ways to experience the stories that bring us together.,https://presentations.kujolang.ai/original/9/,website,,summary,False,False,
baseline,https://presentations.kujolang.ai/original/,original/index.html,original,A new perspective on media,26,A fictional media-strategy demo built with Kujo Presentations. Explore nine slides and a readable text edition. All metrics are illustrative.,141,https://presentations.kujolang.ai/original/,,en,,A new perspective on media,A fictional media-strategy demo built with Kujo Presentations. Explore nine slides and a readable text edition. All metrics are illustrative.,https://presentations.kujolang.ai/original/,website,,summary,False,False,
baseline,https://presentations.kujolang.ai/original/presenter/,original/presenter/index.html,original/presenter,A new perspective on media — Presenter,38,Presenter controls for A new perspective on media,49,https://presentations.kujolang.ai/original/presenter/,"noindex,follow",en,,A new perspective on media — Presenter,Presenter controls for A new perspective on media,https://presentations.kujolang.ai/original/presenter/,website,,summary,False,False,
baseline,https://presentations.kujolang.ai/original/print/,original/print/index.html,original/print,A new perspective on media — Print,34,Printable slides for A new perspective on media,47,https://presentations.kujolang.ai/original/print/,"noindex,follow",en,,A new perspective on media — Print,Printable slides for A new perspective on media,https://presentations.kujolang.ai/original/print/,website,,summary,False,False,
baseline,https://presentations.kujolang.ai/original/reading/,original/reading/index.html,original/reading,A new perspective on media — Read text,38,Read the complete presentation: A fictional media-strategy demo built with Kujo Presentations. Explore nine slides and a readable text edition. All metrics are illustrative.,173,https://presentations.kujolang.ai/original/reading/,,en,,A new perspective on media — Read text,Read the complete presentation: A fictional media-strategy demo built with Kujo Presentations. Explore nine slides and a readable text edition. All metrics are illustrative.,https://presentations.kujolang.ai/original/reading/,website,,summary,False,False,
baseline,https://presentations.kujolang.ai/sales/1/,sales/1/index.html,sales/1,"Springline
Overview — Springline Consumer Company Overview",58,A fictional global food and beverage portfolio built around everyday occasions.,79,https://presentations.kujolang.ai/sales/1/,,en,,"Springline
Overview — Springline Consumer Company Overview",A fictional global food and beverage portfolio built around everyday occasions.,https://presentations.kujolang.ai/sales/1/,website,,summary,False,False,
baseline,https://presentations.kujolang.ai/sales/2/,sales/2/index.html,sales/2,A broad consumer portfolio — Springline Consumer Company Overview,65,Springline brings together convenient foods and beverages for moments throughout the day.,89,https://presentations.kujolang.ai/sales/2/,,en,,A broad consumer portfolio — Springline Consumer Company Overview,Springline brings together convenient foods and beverages for moments throughout the day.,https://presentations.kujolang.ai/sales/2/,website,,summary,False,False,
baseline,https://presentations.kujolang.ai/sales/3/,sales/3/index.html,sales/3,Brands built for everyday categories — Springline Consumer Company Overview,75,"A colorful portfolio spans savory snacks, sparkling drinks, functional beverages and breakfast foods.",101,https://presentations.kujolang.ai/sales/3/,,en,,Brands built for everyday categories — Springline Consumer Company Overview,"A colorful portfolio spans savory snacks, sparkling drinks, functional beverages and breakfast foods.",https://presentations.kujolang.ai/sales/3/,website,,summary,False,False,
baseline,https://presentations.kujolang.ai/sales/4/,sales/4/index.html,sales/4,Investment strengthened the operating system — Springline Consumer Company Overview,83,"A multi-year program expands capacity, improves route planning and gives teams a sharper view of demand.",104,https://presentations.kujolang.ai/sales/4/,,en,,Investment strengthened the operating system — Springline Consumer Company Overview,"A multi-year program expands capacity, improves route planning and gives teams a sharper view of demand.",https://presentations.kujolang.ai/sales/4/,website,,summary,False,False,
baseline,https://presentations.kujolang.ai/sales/404.html,sales/404.html,sales/404.html,Slide not found,15,This page was not found. Open the presentation overview to choose a slide.,74,,"noindex,follow",en,,Slide not found,This page was not found. Open the presentation overview to choose a slide.,,website,,summary,True,True,
baseline,https://presentations.kujolang.ai/sales/5/,sales/5/index.html,sales/5,Consumer habits keep moving — Springline Consumer Company Overview,66,The next generation of demand is shaped by four overlapping expectations.,73,https://presentations.kujolang.ai/sales/5/,,en,,Consumer habits keep moving — Springline Consumer Company Overview,The next generation of demand is shaped by four overlapping expectations.,https://presentations.kujolang.ai/sales/5/,website,,summary,False,False,
baseline,https://presentations.kujolang.ai/sales/6/,sales/6/index.html,sales/6,Four priorities guide the next chapter — Springline Consumer Company Overview,77,"A focused agenda connects the portfolio, the operating model and responsible growth.",84,https://presentations.kujolang.ai/sales/6/,,en,,Four priorities guide the next chapter — Springline Consumer Company Overview,"A focused agenda connects the portfolio, the operating model and responsible growth.",https://presentations.kujolang.ai/sales/6/,website,,summary,False,False,
baseline,https://presentations.kujolang.ai/sales/7/,sales/7/index.html,sales/7,More occasions across the day — Springline Consumer Company Overview,68,Springline designs its portfolio for the rhythm of real life—from the first cup to the shared evening table.,108,https://presentations.kujolang.ai/sales/7/,,en,,More occasions across the day — Springline Consumer Company Overview,Springline designs its portfolio for the rhythm of real life—from the first cup to the shared evening table.,https://presentations.kujolang.ai/sales/7/,website,,summary,False,False,
baseline,https://presentations.kujolang.ai/sales/8/,sales/8/index.html,sales/8,Progress across the responsible growth agenda — Springline Consumer Company Overview,84,"Better sourcing, smarter operations and improved packaging are designed to reinforce one another.",97,https://presentations.kujolang.ai/sales/8/,,en,,Progress across the responsible growth agenda — Springline Consumer Company Overview,"Better sourcing, smarter operations and improved packaging are designed to reinforce one another.",https://presentations.kujolang.ai/sales/8/,website,,summary,False,False,
baseline,https://presentations.kujolang.ai/sales/9/,sales/9/index.html,sales/9,Long-term growth algorithm — Springline Consumer Company Overview,65,Innovation expands demand. Productivity funds the next wave.,60,https://presentations.kujolang.ai/sales/9/,,en,,Long-term growth algorithm — Springline Consumer Company Overview,Innovation expands demand. Productivity funds the next wave.,https://presentations.kujolang.ai/sales/9/,website,,summary,False,False,
baseline,https://presentations.kujolang.ai/sales/,sales/index.html,sales,Springline Consumer Company Overview,36,A fictional consumer food and beverage company overview created to demonstrate a portfolio-led presentation system.,115,https://presentations.kujolang.ai/sales/,,en,,Springline Consumer Company Overview,A fictional consumer food and beverage company overview created to demonstrate a portfolio-led presentation system.,https://presentations.kujolang.ai/sales/,website,,summary,False,False,
baseline,https://presentations.kujolang.ai/sales/presenter/,sales/presenter/index.html,sales/presenter,Springline Consumer Company Overview — Presenter,48,Presenter controls for Springline Consumer Company Overview,59,https://presentations.kujolang.ai/sales/presenter/,"noindex,follow",en,,Springline Consumer Company Overview — Presenter,Presenter controls for Springline Consumer Company Overview,https://presentations.kujolang.ai/sales/presenter/,website,,summary,False,False,
baseline,https://presentations.kujolang.ai/sales/print/,sales/print/index.html,sales/print,Springline Consumer Company Overview — Print,44,Printable slides for Springline Consumer Company Overview,57,https://presentations.kujolang.ai/sales/print/,"noindex,follow",en,,Springline Consumer Company Overview — Print,Printable slides for Springline Consumer Company Overview,https://presentations.kujolang.ai/sales/print/,website,,summary,False,False,
baseline,https://presentations.kujolang.ai/sales/reading/,sales/reading/index.html,sales/reading,Springline Consumer Company Overview — Read text,48,Read the complete presentation: A fictional consumer food and beverage company overview created to demonstrate a portfolio-led presentation system.,147,https://presentations.kujolang.ai/sales/reading/,,en,,Springline Consumer Company Overview — Read text,Read the complete presentation: A fictional consumer food and beverage company overview created to demonstrate a portfolio-led presentation system.,https://presentations.kujolang.ai/sales/reading/,website,,summary,False,False,
after,https://presentations.kujolang.ai/404.html,404.html,404.html,Not found — Kujo Presentations,30,,0,,"noindex,follow",en,,,,,,,,False,False,missing description
after,https://presentations.kujolang.ai/,index.html,overview,"Kujo Presentations — Slides, authored for the web",49,"Explore four complete Kujo Presentations demos: the original media deck, an investor pitch, a consumer company overview, and an AI workforce research report.",157,https://presentations.kujolang.ai/,,en,,Kujo Presentations,"Slides, authored for the web. Explore four complete presentation demos.",https://presentations.kujolang.ai/,website,https://presentations.kujolang.ai/assets/social/kujo-presentations.png,summary_large_image,False,False,
after,https://presentations.kujolang.ai/investor/1/,investor/1/index.html,investor/1,"2027
Investor Briefing — Vela Investor Briefing",47,"A premium membership network built around the way people travel, dine and do business.",86,https://presentations.kujolang.ai/investor/1/,,en,,"2027
Investor Briefing — Vela Investor Briefing","A premium membership network built around the way people travel, dine and do business.",https://presentations.kujolang.ai/investor/1/,website,https://presentations.kujolang.ai/assets/social/investor.png,summary_large_image,False,False,
after,https://presentations.kujolang.ai/investor/2/,investor/2/index.html,investor/2,Four strengths power one durable model — Vela Investor Briefing,63,Vela connects premium members and partners through products people choose to keep using.,88,https://presentations.kujolang.ai/investor/2/,,en,,Four strengths power one durable model — Vela Investor Briefing,Vela connects premium members and partners through products people choose to keep using.,https://presentations.kujolang.ai/investor/2/,website,https://presentations.kujolang.ai/assets/social/investor.png,summary_large_image,False,False,
after,https://presentations.kujolang.ai/investor/3/,investor/3/index.html,investor/3,"A large, durable runway — Vela Investor Briefing",48,"Premium digital spend expands as travel returns, younger members enter the category and more commerce moves across borders.",123,https://presentations.kujolang.ai/investor/3/,,en,,"A large, durable runway — Vela Investor Briefing","Premium digital spend expands as travel returns, younger members enter the category and more commerce moves across borders.",https://presentations.kujolang.ai/investor/3/,website,https://presentations.kujolang.ai/assets/social/investor.png,summary_large_image,False,False,
after,https://presentations.kujolang.ai/investor/4/,investor/4/index.html,investor/4,Membership is the growth engine — Vela Investor Briefing,56,"Useful products earn a place in everyday life. Better experiences increase engagement, which attracts stronger partners and funds the next refresh.",147,https://presentations.kujolang.ai/investor/4/,,en,,Membership is the growth engine — Vela Investor Briefing,"Useful products earn a place in everyday life. Better experiences increase engagement, which attracts stronger partners and funds the next refresh.",https://presentations.kujolang.ai/investor/4/,website,https://presentations.kujolang.ai/assets/social/investor.png,summary_large_image,False,False,
after,https://presentations.kujolang.ai/investor/404.html,investor/404.html,investor/404.html,Slide not found,15,This page was not found. Open the presentation overview to choose a slide.,74,,"noindex,follow",en,,Slide not found,This page was not found. Open the presentation overview to choose a slide.,,website,,summary,True,True,
after,https://presentations.kujolang.ai/investor/5/,investor/5/index.html,investor/5,Designed for the members shaping spend — Vela Investor Briefing,63,Vela focuses on customers whose expectations pull the category forward.,71,https://presentations.kujolang.ai/investor/5/,,en,,Designed for the members shaping spend — Vela Investor Briefing,Vela focuses on customers whose expectations pull the category forward.,https://presentations.kujolang.ai/investor/5/,website,https://presentations.kujolang.ai/assets/social/investor.png,summary_large_image,False,False,
after,https://presentations.kujolang.ai/investor/6/,investor/6/index.html,investor/6,Value that travels beyond the card — Vela Investor Briefing,59,"The strongest benefits solve real moments: where to stay, where to eat and who can help when plans change.",106,https://presentations.kujolang.ai/investor/6/,,en,,Value that travels beyond the card — Vela Investor Briefing,"The strongest benefits solve real moments: where to stay, where to eat and who can help when plans change.",https://presentations.kujolang.ai/investor/6/,website,https://presentations.kujolang.ai/assets/social/investor.png,summary_large_image,False,False,
after,https://presentations.kujolang.ai/investor/7/,investor/7/index.html,investor/7,A balanced revenue model — Vela Investor Briefing,49,Four complementary streams reduce dependence on any single behavior while keeping the member relationship at the center.,120,https://presentations.kujolang.ai/investor/7/,,en,,A balanced revenue model — Vela Investor Briefing,Four complementary streams reduce dependence on any single behavior while keeping the member relationship at the center.,https://presentations.kujolang.ai/investor/7/,website,https://presentations.kujolang.ai/assets/social/investor.png,summary_large_image,False,False,
after,https://presentations.kujolang.ai/investor/8/,investor/8/index.html,investor/8,Investment compounds the advantage — Vela Investor Briefing,59,Vela reinvests in member value and service while keeping a disciplined operating frame.,87,https://presentations.kujolang.ai/investor/8/,,en,,Investment compounds the advantage — Vela Investor Briefing,Vela reinvests in member value and service while keeping a disciplined operating frame.,https://presentations.kujolang.ai/investor/8/,website,https://presentations.kujolang.ai/assets/social/investor.png,summary_large_image,False,False,
after,https://presentations.kujolang.ai/investor/9/,investor/9/index.html,investor/9,"Membership is
the advantage. — Vela Investor Briefing",53,Vela is an original fictional investor story created with Kujo Presentations.,77,https://presentations.kujolang.ai/investor/9/,,en,,"Membership is
the advantage. — Vela Investor Briefing",Vela is an original fictional investor story created with Kujo Presentations.,https://presentations.kujolang.ai/investor/9/,website,https://presentations.kujolang.ai/assets/social/investor.png,summary_large_image,False,False,
after,https://presentations.kujolang.ai/investor/,investor/index.html,investor,Vela Investor Briefing,22,A fictional premium membership and payments investor narrative inspired by the discipline of leading financial presentations.,125,https://presentations.kujolang.ai/investor/,,en,,Vela Investor Briefing,A fictional premium membership and payments investor narrative inspired by the discipline of leading financial presentations.,https://presentations.kujolang.ai/investor/,website,https://presentations.kujolang.ai/assets/social/investor.png,summary_large_image,False,False,
after,https://presentations.kujolang.ai/investor/presenter/,investor/presenter/index.html,investor/presenter,Vela Investor Briefing — Presenter,34,Presenter controls for Vela Investor Briefing,45,https://presentations.kujolang.ai/investor/presenter/,"noindex,follow",en,,Vela Investor Briefing — Presenter,Presenter controls for Vela Investor Briefing,https://presentations.kujolang.ai/investor/presenter/,website,https://presentations.kujolang.ai/assets/social/investor.png,summary_large_image,False,False,
after,https://presentations.kujolang.ai/investor/print/,investor/print/index.html,investor/print,Vela Investor Briefing — Print,30,Printable slides for Vela Investor Briefing,43,https://presentations.kujolang.ai/investor/print/,"noindex,follow",en,,Vela Investor Briefing — Print,Printable slides for Vela Investor Briefing,https://presentations.kujolang.ai/investor/print/,website,https://presentations.kujolang.ai/assets/social/investor.png,summary_large_image,False,False,
after,https://presentations.kujolang.ai/investor/reading/,investor/reading/index.html,investor/reading,Vela Investor Briefing — Read text,34,Read the complete presentation: A fictional premium membership and payments investor narrative inspired by the discipline of leading financial presentations.,157,https://presentations.kujolang.ai/investor/reading/,,en,,Vela Investor Briefing — Read text,Read the complete presentation: A fictional premium membership and payments investor narrative inspired by the discipline of leading financial presentations.,https://presentations.kujolang.ai/investor/reading/,website,https://presentations.kujolang.ai/assets/social/investor.png,summary_large_image,False,False,
after,https://presentations.kujolang.ai/live-talk/1/,live-talk/1/index.html,live-talk/1,"AI at Work:
Adoption Rises,
but Value Lags — AI at Work: Adoption Rises, but Value Lags",87,A fictional workforce study on the gap between access and meaningful use.,73,https://presentations.kujolang.ai/live-talk/1/,,en,,"AI at Work:
Adoption Rises,
but Value Lags — AI at Work: Adoption Rises, but Value Lags",A fictional workforce study on the gap between access and meaningful use.,https://presentations.kujolang.ai/live-talk/1/,website,https://presentations.kujolang.ai/assets/social/live-talk.png,summary_large_image,False,False,
after,https://presentations.kujolang.ai/live-talk/2/,live-talk/2/index.html,live-talk/2,"Survey parameters — AI at Work: Adoption Rises, but Value Lags",62,A fictional cross-market sample designed to show a consulting research profile.,79,https://presentations.kujolang.ai/live-talk/2/,,en,,"Survey parameters — AI at Work: Adoption Rises, but Value Lags",A fictional cross-market sample designed to show a consulting research profile.,https://presentations.kujolang.ai/live-talk/2/,website,https://presentations.kujolang.ai/assets/social/live-talk.png,summary_large_image,False,False,
after,https://presentations.kujolang.ai/live-talk/3/,live-talk/3/index.html,live-talk/3,"Four findings from the workforce — AI at Work: Adoption Rises, but Value Lags",77,Access has spread faster than the practices that turn AI into dependable value.,79,https://presentations.kujolang.ai/live-talk/3/,,en,,"Four findings from the workforce — AI at Work: Adoption Rises, but Value Lags",Access has spread faster than the practices that turn AI into dependable value.,https://presentations.kujolang.ai/live-talk/3/,website,https://presentations.kujolang.ai/assets/social/live-talk.png,summary_large_image,False,False,
after,https://presentations.kujolang.ai/live-talk/4/,live-talk/4/index.html,live-talk/4,"Adoption is high, but frontline use has stalled — AI at Work: Adoption Rises, but Value Lags",92,"Regular AI use rises with seniority, leaving the employees closest to daily operations behind.",94,https://presentations.kujolang.ai/live-talk/4/,,en,,"Adoption is high, but frontline use has stalled — AI at Work: Adoption Rises, but Value Lags","Regular AI use rises with seniority, leaving the employees closest to daily operations behind.",https://presentations.kujolang.ai/live-talk/4/,website,https://presentations.kujolang.ai/assets/social/live-talk.png,summary_large_image,False,False,
after,https://presentations.kujolang.ai/live-talk/404.html,live-talk/404.html,live-talk/404.html,Slide not found,15,This page was not found. Open the presentation overview to choose a slide.,74,,"noindex,follow",en,,Slide not found,This page was not found. Open the presentation overview to choose a slide.,,website,,summary,True,True,
after,https://presentations.kujolang.ai/live-talk/5/,live-talk/5/index.html,live-talk/5,"Time savings depend on the work — AI at Work: Adoption Rises, but Value Lags",76,Employees report the largest gains in repeatable administrative tasks and the smallest gains in professional development.,121,https://presentations.kujolang.ai/live-talk/5/,,en,,"Time savings depend on the work — AI at Work: Adoption Rises, but Value Lags",Employees report the largest gains in repeatable administrative tasks and the smallest gains in professional development.,https://presentations.kujolang.ai/live-talk/5/,website,https://presentations.kujolang.ai/assets/social/live-talk.png,summary_large_image,False,False,
after,https://presentations.kujolang.ai/live-talk/6/,live-talk/6/index.html,live-talk/6,"Three barriers shape adoption — AI at Work: Adoption Rises, but Value Lags",74,"Employees need practical instruction, approved tools, and visible support from leaders.",87,https://presentations.kujolang.ai/live-talk/6/,,en,,"Three barriers shape adoption — AI at Work: Adoption Rises, but Value Lags","Employees need practical instruction, approved tools, and visible support from leaders.",https://presentations.kujolang.ai/live-talk/6/,website,https://presentations.kujolang.ai/assets/social/live-talk.png,summary_large_image,False,False,
after,https://presentations.kujolang.ai/live-talk/7/,live-talk/7/index.html,live-talk/7,"Workflow redesign remains uneven — AI at Work: Adoption Rises, but Value Lags",77,Most companies deploy AI inside existing processes. Fewer reshape the work or invent a different model.,103,https://presentations.kujolang.ai/live-talk/7/,,en,,"Workflow redesign remains uneven — AI at Work: Adoption Rises, but Value Lags",Most companies deploy AI inside existing processes. Fewer reshape the work or invent a different model.,https://presentations.kujolang.ai/live-talk/7/,website,https://presentations.kujolang.ai/assets/social/live-talk.png,summary_large_image,False,False,
after,https://presentations.kujolang.ai/live-talk/8/,live-talk/8/index.html,live-talk/8,"AI agents show promise, but understanding remains low — AI at Work: Adoption Rises, but Value Lags",98,"Interest is broad. Familiarity with governance, limits, and day-to-day use remains narrow.",90,https://presentations.kujolang.ai/live-talk/8/,,en,,"AI agents show promise, but understanding remains low — AI at Work: Adoption Rises, but Value Lags","Interest is broad. Familiarity with governance, limits, and day-to-day use remains narrow.",https://presentations.kujolang.ai/live-talk/8/,website,https://presentations.kujolang.ai/assets/social/live-talk.png,summary_large_image,False,False,
after,https://presentations.kujolang.ai/live-talk/9/,live-talk/9/index.html,live-talk/9,"Four priorities for leaders — AI at Work: Adoption Rises, but Value Lags",72,The next phase depends on practical capability and deliberate workflow choices.,79,https://presentations.kujolang.ai/live-talk/9/,,en,,"Four priorities for leaders — AI at Work: Adoption Rises, but Value Lags",The next phase depends on practical capability and deliberate workflow choices.,https://presentations.kujolang.ai/live-talk/9/,website,https://presentations.kujolang.ai/assets/social/live-talk.png,summary_large_image,False,False,
after,https://presentations.kujolang.ai/live-talk/,live-talk/index.html,live-talk,"AI at Work: Adoption Rises, but Value Lags",42,"A fictional workforce research report on enterprise AI adoption, training, workflow redesign, and AI agents.",108,https://presentations.kujolang.ai/live-talk/,,en,,"AI at Work: Adoption Rises, but Value Lags","A fictional workforce research report on enterprise AI adoption, training, workflow redesign, and AI agents.",https://presentations.kujolang.ai/live-talk/,website,https://presentations.kujolang.ai/assets/social/live-talk.png,summary_large_image,False,False,
after,https://presentations.kujolang.ai/live-talk/presenter/,live-talk/presenter/index.html,live-talk/presenter,"AI at Work: Adoption Rises, but Value Lags — Presenter",54,"Presenter controls for AI at Work: Adoption Rises, but Value Lags",65,https://presentations.kujolang.ai/live-talk/presenter/,"noindex,follow",en,,"AI at Work: Adoption Rises, but Value Lags — Presenter","Presenter controls for AI at Work: Adoption Rises, but Value Lags",https://presentations.kujolang.ai/live-talk/presenter/,website,https://presentations.kujolang.ai/assets/social/live-talk.png,summary_large_image,False,False,
after,https://presentations.kujolang.ai/live-talk/print/,live-talk/print/index.html,live-talk/print,"AI at Work: Adoption Rises, but Value Lags — Print",50,"Printable slides for AI at Work: Adoption Rises, but Value Lags",63,https://presentations.kujolang.ai/live-talk/print/,"noindex,follow",en,,"AI at Work: Adoption Rises, but Value Lags — Print","Printable slides for AI at Work: Adoption Rises, but Value Lags",https://presentations.kujolang.ai/live-talk/print/,website,https://presentations.kujolang.ai/assets/social/live-talk.png,summary_large_image,False,False,
after,https://presentations.kujolang.ai/live-talk/reading/,live-talk/reading/index.html,live-talk/reading,"AI at Work: Adoption Rises, but Value Lags — Read text",54,"Read the complete presentation: A fictional workforce research report on enterprise AI adoption, training, workflow redesign, and AI agents.",140,https://presentations.kujolang.ai/live-talk/reading/,,en,,"AI at Work: Adoption Rises, but Value Lags — Read text","Read the complete presentation: A fictional workforce research report on enterprise AI adoption, training, workflow redesign, and AI agents.",https://presentations.kujolang.ai/live-talk/reading/,website,https://presentations.kujolang.ai/assets/social/live-talk.png,summary_large_image,False,False,
after,https://presentations.kujolang.ai/original/1/,original/1/index.html,original/1,"Innovating media
for a digital age — A new perspective on media",63,We connect bold ideas with curious audiences. Independent thinking. Meaningful stories. Made for the way the world moves.,121,https://presentations.kujolang.ai/original/1/,,en,,"Innovating media
for a digital age — A new perspective on media",We connect bold ideas with curious audiences. Independent thinking. Meaningful stories. Made for the way the world moves.,https://presentations.kujolang.ai/original/1/,website,https://presentations.kujolang.ai/assets/social/original.png,summary_large_image,False,False,
after,https://presentations.kujolang.ai/original/2/,original/2/index.html,original/2,"Presentation
content index — A new perspective on media",55,"From a shared challenge to a lasting impact. A closer look at the ideas, people and possibilities shaping our next chapter.",123,https://presentations.kujolang.ai/original/2/,,en,,"Presentation
content index — A new perspective on media","From a shared challenge to a lasting impact. A closer look at the ideas, people and possibilities shaping our next chapter.",https://presentations.kujolang.ai/original/2/,website,https://presentations.kujolang.ai/assets/social/original.png,summary_large_image,False,False,
after,https://presentations.kujolang.ai/original/3/,original/3/index.html,original/3,"Problem
statement — A new perspective on media",46,More content. Less connection. The media landscape has never been louder—or harder to navigate.,95,https://presentations.kujolang.ai/original/3/,,en,,"Problem
statement — A new perspective on media",More content. Less connection. The media landscape has never been louder—or harder to navigate.,https://presentations.kujolang.ai/original/3/,website,https://presentations.kujolang.ai/assets/social/original.png,summary_large_image,False,False,
after,https://presentations.kujolang.ai/original/4/,original/4/index.html,original/4,"Our solutions for
lasting impact — A new perspective on media",61,Build with intention. We bring editorial care and creative experimentation together to make work that stays with people.,120,https://presentations.kujolang.ai/original/4/,,en,,"Our solutions for
lasting impact — A new perspective on media",Build with intention. We bring editorial care and creative experimentation together to make work that stays with people.,https://presentations.kujolang.ai/original/4/,website,https://presentations.kujolang.ai/assets/social/original.png,summary_large_image,False,False,
after,https://presentations.kujolang.ai/original/404.html,original/404.html,original/404.html,Slide not found,15,This page was not found. Open the presentation overview to choose a slide.,74,,"noindex,follow",en,,Slide not found,This page was not found. Open the presentation overview to choose a slide.,,website,,summary,True,True,
after,https://presentations.kujolang.ai/original/5/,original/5/index.html,original/5,Market opportunity — A new perspective on media,47,A connected generation is choosing media on its own terms. There is room for a more thoughtful kind of publisher.,113,https://presentations.kujolang.ai/original/5/,,en,,Market opportunity — A new perspective on media,A connected generation is choosing media on its own terms. There is room for a more thoughtful kind of publisher.,https://presentations.kujolang.ai/original/5/,website,https://presentations.kujolang.ai/assets/social/original.png,summary_large_image,False,False,
after,https://presentations.kujolang.ai/original/6/,original/6/index.html,original/6,"Unique value
proposition — A new perspective on media",53,Independent perspective. Connected thinking. A creative partner that sees the whole picture and cares about every detail.,121,https://presentations.kujolang.ai/original/6/,,en,,"Unique value
proposition — A new perspective on media",Independent perspective. Connected thinking. A creative partner that sees the whole picture and cares about every detail.,https://presentations.kujolang.ai/original/6/,website,https://presentations.kujolang.ai/assets/social/original.png,summary_large_image,False,False,
after,https://presentations.kujolang.ai/original/7/,original/7/index.html,original/7,"Business
model — A new perspective on media",43,"A balanced model that supports independent creativity and shared, sustainable growth.",85,https://presentations.kujolang.ai/original/7/,,en,,"Business
model — A new perspective on media","A balanced model that supports independent creativity and shared, sustainable growth.",https://presentations.kujolang.ai/original/7/,website,https://presentations.kujolang.ai/assets/social/original.png,summary_large_image,False,False,
after,https://presentations.kujolang.ai/original/8/,original/8/index.html,original/8,"Curating content
for every viewer — A new perspective on media",62,"The right story, in the right format, at the right moment. Discover something that feels made for you.",102,https://presentations.kujolang.ai/original/8/,,en,,"Curating content
for every viewer — A new perspective on media","The right story, in the right format, at the right moment. Discover something that feels made for you.",https://presentations.kujolang.ai/original/8/,website,https://presentations.kujolang.ai/assets/social/original.png,summary_large_image,False,False,
after,https://presentations.kujolang.ai/original/9/,original/9/index.html,original/9,"Diverse media
offerings — A new perspective on media",52,Watch. Listen. Read. Participate. Different ways to experience the stories that bring us together.,98,https://presentations.kujolang.ai/original/9/,,en,,"Diverse media
offerings — A new perspective on media",Watch. Listen. Read. Participate. Different ways to experience the stories that bring us together.,https://presentations.kujolang.ai/original/9/,website,https://presentations.kujolang.ai/assets/social/original.png,summary_large_image,False,False,
after,https://presentations.kujolang.ai/original/,original/index.html,original,A new perspective on media,26,A fictional media-strategy demo built with Kujo Presentations. Explore nine slides and a readable text edition. All metrics are illustrative.,141,https://presentations.kujolang.ai/original/,,en,,A new perspective on media,A fictional media-strategy demo built with Kujo Presentations. Explore nine slides and a readable text edition. All metrics are illustrative.,https://presentations.kujolang.ai/original/,website,https://presentations.kujolang.ai/assets/social/original.png,summary_large_image,False,False,
after,https://presentations.kujolang.ai/original/presenter/,original/presenter/index.html,original/presenter,A new perspective on media — Presenter,38,Presenter controls for A new perspective on media,49,https://presentations.kujolang.ai/original/presenter/,"noindex,follow",en,,A new perspective on media — Presenter,Presenter controls for A new perspective on media,https://presentations.kujolang.ai/original/presenter/,website,https://presentations.kujolang.ai/assets/social/original.png,summary_large_image,False,False,
after,https://presentations.kujolang.ai/original/print/,original/print/index.html,original/print,A new perspective on media — Print,34,Printable slides for A new perspective on media,47,https://presentations.kujolang.ai/original/print/,"noindex,follow",en,,A new perspective on media — Print,Printable slides for A new perspective on media,https://presentations.kujolang.ai/original/print/,website,https://presentations.kujolang.ai/assets/social/original.png,summary_large_image,False,False,
after,https://presentations.kujolang.ai/original/reading/,original/reading/index.html,original/reading,A new perspective on media — Read text,38,Read the complete presentation: A fictional media-strategy demo built with Kujo Presentations. Explore nine slides and a readable text edition. All metrics are illustrative.,173,https://presentations.kujolang.ai/original/reading/,,en,,A new perspective on media — Read text,Read the complete presentation: A fictional media-strategy demo built with Kujo Presentations. Explore nine slides and a readable text edition. All metrics are illustrative.,https://presentations.kujolang.ai/original/reading/,website,https://presentations.kujolang.ai/assets/social/original.png,summary_large_image,False,False,
after,https://presentations.kujolang.ai/sales/1/,sales/1/index.html,sales/1,"Springline
Overview — Springline Consumer Company Overview",58,A fictional global food and beverage portfolio built around everyday occasions.,79,https://presentations.kujolang.ai/sales/1/,,en,,"Springline
Overview — Springline Consumer Company Overview",A fictional global food and beverage portfolio built around everyday occasions.,https://presentations.kujolang.ai/sales/1/,website,https://presentations.kujolang.ai/assets/social/sales.png,summary_large_image,False,False,
after,https://presentations.kujolang.ai/sales/2/,sales/2/index.html,sales/2,A broad consumer portfolio — Springline Consumer Company Overview,65,Springline brings together convenient foods and beverages for moments throughout the day.,89,https://presentations.kujolang.ai/sales/2/,,en,,A broad consumer portfolio — Springline Consumer Company Overview,Springline brings together convenient foods and beverages for moments throughout the day.,https://presentations.kujolang.ai/sales/2/,website,https://presentations.kujolang.ai/assets/social/sales.png,summary_large_image,False,False,
after,https://presentations.kujolang.ai/sales/3/,sales/3/index.html,sales/3,Brands built for everyday categories — Springline Consumer Company Overview,75,"A colorful portfolio spans savory snacks, sparkling drinks, functional beverages and breakfast foods.",101,https://presentations.kujolang.ai/sales/3/,,en,,Brands built for everyday categories — Springline Consumer Company Overview,"A colorful portfolio spans savory snacks, sparkling drinks, functional beverages and breakfast foods.",https://presentations.kujolang.ai/sales/3/,website,https://presentations.kujolang.ai/assets/social/sales.png,summary_large_image,False,False,
after,https://presentations.kujolang.ai/sales/4/,sales/4/index.html,sales/4,Investment strengthened the operating system — Springline Consumer Company Overview,83,"A multi-year program expands capacity, improves route planning and gives teams a sharper view of demand.",104,https://presentations.kujolang.ai/sales/4/,,en,,Investment strengthened the operating system — Springline Consumer Company Overview,"A multi-year program expands capacity, improves route planning and gives teams a sharper view of demand.",https://presentations.kujolang.ai/sales/4/,website,https://presentations.kujolang.ai/assets/social/sales.png,summary_large_image,False,False,
after,https://presentations.kujolang.ai/sales/404.html,sales/404.html,sales/404.html,Slide not found,15,This page was not found. Open the presentation overview to choose a slide.,74,,"noindex,follow",en,,Slide not found,This page was not found. Open the presentation overview to choose a slide.,,website,,summary,True,True,
after,https://presentations.kujolang.ai/sales/5/,sales/5/index.html,sales/5,Consumer habits keep moving — Springline Consumer Company Overview,66,The next generation of demand is shaped by four overlapping expectations.,73,https://presentations.kujolang.ai/sales/5/,,en,,Consumer habits keep moving — Springline Consumer Company Overview,The next generation of demand is shaped by four overlapping expectations.,https://presentations.kujolang.ai/sales/5/,website,https://presentations.kujolang.ai/assets/social/sales.png,summary_large_image,False,False,
after,https://presentations.kujolang.ai/sales/6/,sales/6/index.html,sales/6,Four priorities guide the next chapter — Springline Consumer Company Overview,77,"A focused agenda connects the portfolio, the operating model and responsible growth.",84,https://presentations.kujolang.ai/sales/6/,,en,,Four priorities guide the next chapter — Springline Consumer Company Overview,"A focused agenda connects the portfolio, the operating model and responsible growth.",https://presentations.kujolang.ai/sales/6/,website,https://presentations.kujolang.ai/assets/social/sales.png,summary_large_image,False,False,
after,https://presentations.kujolang.ai/sales/7/,sales/7/index.html,sales/7,More occasions across the day — Springline Consumer Company Overview,68,Springline designs its portfolio for the rhythm of real life—from the first cup to the shared evening table.,108,https://presentations.kujolang.ai/sales/7/,,en,,More occasions across the day — Springline Consumer Company Overview,Springline designs its portfolio for the rhythm of real life—from the first cup to the shared evening table.,https://presentations.kujolang.ai/sales/7/,website,https://presentations.kujolang.ai/assets/social/sales.png,summary_large_image,False,False,
after,https://presentations.kujolang.ai/sales/8/,sales/8/index.html,sales/8,Progress across the responsible growth agenda — Springline Consumer Company Overview,84,"Better sourcing, smarter operations and improved packaging are designed to reinforce one another.",97,https://presentations.kujolang.ai/sales/8/,,en,,Progress across the responsible growth agenda — Springline Consumer Company Overview,"Better sourcing, smarter operations and improved packaging are designed to reinforce one another.",https://presentations.kujolang.ai/sales/8/,website,https://presentations.kujolang.ai/assets/social/sales.png,summary_large_image,False,False,
after,https://presentations.kujolang.ai/sales/9/,sales/9/index.html,sales/9,Long-term growth algorithm — Springline Consumer Company Overview,65,Innovation expands demand. Productivity funds the next wave.,60,https://presentations.kujolang.ai/sales/9/,,en,,Long-term growth algorithm — Springline Consumer Company Overview,Innovation expands demand. Productivity funds the next wave.,https://presentations.kujolang.ai/sales/9/,website,https://presentations.kujolang.ai/assets/social/sales.png,summary_large_image,False,False,
after,https://presentations.kujolang.ai/sales/,sales/index.html,sales,Springline Consumer Company Overview,36,A fictional consumer food and beverage company overview created to demonstrate a portfolio-led presentation system.,115,https://presentations.kujolang.ai/sales/,,en,,Springline Consumer Company Overview,A fictional consumer food and beverage company overview created to demonstrate a portfolio-led presentation system.,https://presentations.kujolang.ai/sales/,website,https://presentations.kujolang.ai/assets/social/sales.png,summary_large_image,False,False,
after,https://presentations.kujolang.ai/sales/presenter/,sales/presenter/index.html,sales/presenter,Springline Consumer Company Overview — Presenter,48,Presenter controls for Springline Consumer Company Overview,59,https://presentations.kujolang.ai/sales/presenter/,"noindex,follow",en,,Springline Consumer Company Overview — Presenter,Presenter controls for Springline Consumer Company Overview,https://presentations.kujolang.ai/sales/presenter/,website,https://presentations.kujolang.ai/assets/social/sales.png,summary_large_image,False,False,
after,https://presentations.kujolang.ai/sales/print/,sales/print/index.html,sales/print,Springline Consumer Company Overview — Print,44,Printable slides for Springline Consumer Company Overview,57,https://presentations.kujolang.ai/sales/print/,"noindex,follow",en,,Springline Consumer Company Overview — Print,Printable slides for Springline Consumer Company Overview,https://presentations.kujolang.ai/sales/print/,website,https://presentations.kujolang.ai/assets/social/sales.png,summary_large_image,False,False,
after,https://presentations.kujolang.ai/sales/reading/,sales/reading/index.html,sales/reading,Springline Consumer Company Overview — Read text,48,Read the complete presentation: A fictional consumer food and beverage company overview created to demonstrate a portfolio-led presentation system.,147,https://presentations.kujolang.ai/sales/reading/,,en,,Springline Consumer Company Overview — Read text,Read the complete presentation: A fictional consumer food and beverage company overview created to demonstrate a portfolio-led presentation system.,https://presentations.kujolang.ai/sales/reading/,website,https://presentations.kujolang.ai/assets/social/sales.png,summary_large_image,False,False,
