phase,url,schema_types,json_ld_blocks,valid_json,visible_match,rich_result_eligible,issues,recommended_action
baseline,https://presentations.kujolang.ai/404.html,[],0,True,not present,No rich-result eligibility claimed,,
baseline,https://presentations.kujolang.ai/,"[""CollectionPage""]",1,True,reviewed,No rich-result eligibility claimed,,
baseline,https://presentations.kujolang.ai/investor/1/,"[""WebPage""]",1,True,reviewed,No rich-result eligibility claimed,,
baseline,https://presentations.kujolang.ai/investor/2/,"[""WebPage""]",1,True,reviewed,No rich-result eligibility claimed,,
baseline,https://presentations.kujolang.ai/investor/3/,"[""WebPage""]",1,True,reviewed,No rich-result eligibility claimed,,
baseline,https://presentations.kujolang.ai/investor/4/,"[""WebPage""]",1,True,reviewed,No rich-result eligibility claimed,,
baseline,https://presentations.kujolang.ai/investor/404.html,[],0,True,not present,No rich-result eligibility claimed,,
baseline,https://presentations.kujolang.ai/investor/5/,"[""WebPage""]",1,True,reviewed,No rich-result eligibility claimed,,
baseline,https://presentations.kujolang.ai/investor/6/,"[""WebPage""]",1,True,reviewed,No rich-result eligibility claimed,,
baseline,https://presentations.kujolang.ai/investor/7/,"[""WebPage""]",1,True,reviewed,No rich-result eligibility claimed,,
baseline,https://presentations.kujolang.ai/investor/8/,"[""WebPage""]",1,True,reviewed,No rich-result eligibility claimed,,
baseline,https://presentations.kujolang.ai/investor/9/,"[""WebPage""]",1,True,reviewed,No rich-result eligibility claimed,,
baseline,https://presentations.kujolang.ai/investor/,"[""WebPage""]",1,True,reviewed,No rich-result eligibility claimed,,
baseline,https://presentations.kujolang.ai/investor/presenter/,"[""WebPage""]",1,True,reviewed,No rich-result eligibility claimed,,
baseline,https://presentations.kujolang.ai/investor/print/,"[""WebPage""]",1,True,reviewed,No rich-result eligibility claimed,,
baseline,https://presentations.kujolang.ai/investor/reading/,"[""WebPage""]",1,True,reviewed,No rich-result eligibility claimed,,
baseline,https://presentations.kujolang.ai/live-talk/1/,"[""WebPage""]",1,True,reviewed,No rich-result eligibility claimed,,
baseline,https://presentations.kujolang.ai/live-talk/2/,"[""WebPage""]",1,True,reviewed,No rich-result eligibility claimed,,
baseline,https://presentations.kujolang.ai/live-talk/3/,"[""WebPage""]",1,True,reviewed,No rich-result eligibility claimed,,
baseline,https://presentations.kujolang.ai/live-talk/4/,"[""WebPage""]",1,True,reviewed,No rich-result eligibility claimed,,
baseline,https://presentations.kujolang.ai/live-talk/404.html,[],0,True,not present,No rich-result eligibility claimed,,
baseline,https://presentations.kujolang.ai/live-talk/5/,"[""WebPage""]",1,True,reviewed,No rich-result eligibility claimed,,
baseline,https://presentations.kujolang.ai/live-talk/6/,"[""WebPage""]",1,True,reviewed,No rich-result eligibility claimed,,
baseline,https://presentations.kujolang.ai/live-talk/7/,"[""WebPage""]",1,True,reviewed,No rich-result eligibility claimed,,
baseline,https://presentations.kujolang.ai/live-talk/8/,"[""WebPage""]",1,True,reviewed,No rich-result eligibility claimed,,
baseline,https://presentations.kujolang.ai/live-talk/9/,"[""WebPage""]",1,True,reviewed,No rich-result eligibility claimed,,
baseline,https://presentations.kujolang.ai/live-talk/,"[""WebPage""]",1,True,reviewed,No rich-result eligibility claimed,,
baseline,https://presentations.kujolang.ai/live-talk/presenter/,"[""WebPage""]",1,True,reviewed,No rich-result eligibility claimed,,
baseline,https://presentations.kujolang.ai/live-talk/print/,"[""WebPage""]",1,True,reviewed,No rich-result eligibility claimed,,
baseline,https://presentations.kujolang.ai/live-talk/reading/,"[""WebPage""]",1,True,reviewed,No rich-result eligibility claimed,,
baseline,https://presentations.kujolang.ai/original/1/,"[""WebPage""]",1,True,reviewed,No rich-result eligibility claimed,,
baseline,https://presentations.kujolang.ai/original/2/,"[""WebPage""]",1,True,reviewed,No rich-result eligibility claimed,,
baseline,https://presentations.kujolang.ai/original/3/,"[""WebPage""]",1,True,reviewed,No rich-result eligibility claimed,,
baseline,https://presentations.kujolang.ai/original/4/,"[""WebPage""]",1,True,reviewed,No rich-result eligibility claimed,,
baseline,https://presentations.kujolang.ai/original/404.html,[],0,True,not present,No rich-result eligibility claimed,,
baseline,https://presentations.kujolang.ai/original/5/,"[""WebPage""]",1,True,reviewed,No rich-result eligibility claimed,,
baseline,https://presentations.kujolang.ai/original/6/,"[""WebPage""]",1,True,reviewed,No rich-result eligibility claimed,,
baseline,https://presentations.kujolang.ai/original/7/,"[""WebPage""]",1,True,reviewed,No rich-result eligibility claimed,,
baseline,https://presentations.kujolang.ai/original/8/,"[""WebPage""]",1,True,reviewed,No rich-result eligibility claimed,,
baseline,https://presentations.kujolang.ai/original/9/,"[""WebPage""]",1,True,reviewed,No rich-result eligibility claimed,,
baseline,https://presentations.kujolang.ai/original/,"[""WebPage""]",1,True,reviewed,No rich-result eligibility claimed,,
baseline,https://presentations.kujolang.ai/original/presenter/,"[""WebPage""]",1,True,reviewed,No rich-result eligibility claimed,,
baseline,https://presentations.kujolang.ai/original/print/,"[""WebPage""]",1,True,reviewed,No rich-result eligibility claimed,,
baseline,https://presentations.kujolang.ai/original/reading/,"[""WebPage""]",1,True,reviewed,No rich-result eligibility claimed,,
baseline,https://presentations.kujolang.ai/sales/1/,"[""WebPage""]",1,True,reviewed,No rich-result eligibility claimed,,
baseline,https://presentations.kujolang.ai/sales/2/,"[""WebPage""]",1,True,reviewed,No rich-result eligibility claimed,,
baseline,https://presentations.kujolang.ai/sales/3/,"[""WebPage""]",1,True,reviewed,No rich-result eligibility claimed,,
baseline,https://presentations.kujolang.ai/sales/4/,"[""WebPage""]",1,True,reviewed,No rich-result eligibility claimed,,
baseline,https://presentations.kujolang.ai/sales/404.html,[],0,True,not present,No rich-result eligibility claimed,,
baseline,https://presentations.kujolang.ai/sales/5/,"[""WebPage""]",1,True,reviewed,No rich-result eligibility claimed,,
baseline,https://presentations.kujolang.ai/sales/6/,"[""WebPage""]",1,True,reviewed,No rich-result eligibility claimed,,
baseline,https://presentations.kujolang.ai/sales/7/,"[""WebPage""]",1,True,reviewed,No rich-result eligibility claimed,,
baseline,https://presentations.kujolang.ai/sales/8/,"[""WebPage""]",1,True,reviewed,No rich-result eligibility claimed,,
baseline,https://presentations.kujolang.ai/sales/9/,"[""WebPage""]",1,True,reviewed,No rich-result eligibility claimed,,
baseline,https://presentations.kujolang.ai/sales/,"[""WebPage""]",1,True,reviewed,No rich-result eligibility claimed,,
baseline,https://presentations.kujolang.ai/sales/presenter/,"[""WebPage""]",1,True,reviewed,No rich-result eligibility claimed,,
baseline,https://presentations.kujolang.ai/sales/print/,"[""WebPage""]",1,True,reviewed,No rich-result eligibility claimed,,
baseline,https://presentations.kujolang.ai/sales/reading/,"[""WebPage""]",1,True,reviewed,No rich-result eligibility claimed,,
after,https://presentations.kujolang.ai/404.html,[],0,True,not present,No rich-result eligibility claimed,,
after,https://presentations.kujolang.ai/,"[""WebSite"", ""Organization"", ""CollectionPage""]",3,True,reviewed,No rich-result eligibility claimed,,
after,https://presentations.kujolang.ai/investor/1/,"[""WebPage""]",1,True,reviewed,No rich-result eligibility claimed,,
after,https://presentations.kujolang.ai/investor/2/,"[""WebPage""]",1,True,reviewed,No rich-result eligibility claimed,,
after,https://presentations.kujolang.ai/investor/3/,"[""WebPage""]",1,True,reviewed,No rich-result eligibility claimed,,
after,https://presentations.kujolang.ai/investor/4/,"[""WebPage""]",1,True,reviewed,No rich-result eligibility claimed,,
after,https://presentations.kujolang.ai/investor/404.html,[],0,True,not present,No rich-result eligibility claimed,,
after,https://presentations.kujolang.ai/investor/5/,"[""WebPage""]",1,True,reviewed,No rich-result eligibility claimed,,
after,https://presentations.kujolang.ai/investor/6/,"[""WebPage""]",1,True,reviewed,No rich-result eligibility claimed,,
after,https://presentations.kujolang.ai/investor/7/,"[""WebPage""]",1,True,reviewed,No rich-result eligibility claimed,,
after,https://presentations.kujolang.ai/investor/8/,"[""WebPage""]",1,True,reviewed,No rich-result eligibility claimed,,
after,https://presentations.kujolang.ai/investor/9/,"[""WebPage""]",1,True,reviewed,No rich-result eligibility claimed,,
after,https://presentations.kujolang.ai/investor/,"[""WebPage""]",1,True,reviewed,No rich-result eligibility claimed,,
after,https://presentations.kujolang.ai/investor/presenter/,"[""WebPage""]",1,True,reviewed,No rich-result eligibility claimed,,
after,https://presentations.kujolang.ai/investor/print/,"[""WebPage""]",1,True,reviewed,No rich-result eligibility claimed,,
after,https://presentations.kujolang.ai/investor/reading/,"[""WebPage""]",1,True,reviewed,No rich-result eligibility claimed,,
after,https://presentations.kujolang.ai/live-talk/1/,"[""WebPage""]",1,True,reviewed,No rich-result eligibility claimed,,
after,https://presentations.kujolang.ai/live-talk/2/,"[""WebPage""]",1,True,reviewed,No rich-result eligibility claimed,,
after,https://presentations.kujolang.ai/live-talk/3/,"[""WebPage""]",1,True,reviewed,No rich-result eligibility claimed,,
after,https://presentations.kujolang.ai/live-talk/4/,"[""WebPage""]",1,True,reviewed,No rich-result eligibility claimed,,
after,https://presentations.kujolang.ai/live-talk/404.html,[],0,True,not present,No rich-result eligibility claimed,,
after,https://presentations.kujolang.ai/live-talk/5/,"[""WebPage""]",1,True,reviewed,No rich-result eligibility claimed,,
after,https://presentations.kujolang.ai/live-talk/6/,"[""WebPage""]",1,True,reviewed,No rich-result eligibility claimed,,
after,https://presentations.kujolang.ai/live-talk/7/,"[""WebPage""]",1,True,reviewed,No rich-result eligibility claimed,,
after,https://presentations.kujolang.ai/live-talk/8/,"[""WebPage""]",1,True,reviewed,No rich-result eligibility claimed,,
after,https://presentations.kujolang.ai/live-talk/9/,"[""WebPage""]",1,True,reviewed,No rich-result eligibility claimed,,
after,https://presentations.kujolang.ai/live-talk/,"[""WebPage""]",1,True,reviewed,No rich-result eligibility claimed,,
after,https://presentations.kujolang.ai/live-talk/presenter/,"[""WebPage""]",1,True,reviewed,No rich-result eligibility claimed,,
after,https://presentations.kujolang.ai/live-talk/print/,"[""WebPage""]",1,True,reviewed,No rich-result eligibility claimed,,
after,https://presentations.kujolang.ai/live-talk/reading/,"[""WebPage""]",1,True,reviewed,No rich-result eligibility claimed,,
after,https://presentations.kujolang.ai/original/1/,"[""WebPage""]",1,True,reviewed,No rich-result eligibility claimed,,
after,https://presentations.kujolang.ai/original/2/,"[""WebPage""]",1,True,reviewed,No rich-result eligibility claimed,,
after,https://presentations.kujolang.ai/original/3/,"[""WebPage""]",1,True,reviewed,No rich-result eligibility claimed,,
after,https://presentations.kujolang.ai/original/4/,"[""WebPage""]",1,True,reviewed,No rich-result eligibility claimed,,
after,https://presentations.kujolang.ai/original/404.html,[],0,True,not present,No rich-result eligibility claimed,,
after,https://presentations.kujolang.ai/original/5/,"[""WebPage""]",1,True,reviewed,No rich-result eligibility claimed,,
after,https://presentations.kujolang.ai/original/6/,"[""WebPage""]",1,True,reviewed,No rich-result eligibility claimed,,
after,https://presentations.kujolang.ai/original/7/,"[""WebPage""]",1,True,reviewed,No rich-result eligibility claimed,,
after,https://presentations.kujolang.ai/original/8/,"[""WebPage""]",1,True,reviewed,No rich-result eligibility claimed,,
after,https://presentations.kujolang.ai/original/9/,"[""WebPage""]",1,True,reviewed,No rich-result eligibility claimed,,
after,https://presentations.kujolang.ai/original/,"[""WebPage""]",1,True,reviewed,No rich-result eligibility claimed,,
after,https://presentations.kujolang.ai/original/presenter/,"[""WebPage""]",1,True,reviewed,No rich-result eligibility claimed,,
after,https://presentations.kujolang.ai/original/print/,"[""WebPage""]",1,True,reviewed,No rich-result eligibility claimed,,
after,https://presentations.kujolang.ai/original/reading/,"[""WebPage""]",1,True,reviewed,No rich-result eligibility claimed,,
after,https://presentations.kujolang.ai/sales/1/,"[""WebPage""]",1,True,reviewed,No rich-result eligibility claimed,,
after,https://presentations.kujolang.ai/sales/2/,"[""WebPage""]",1,True,reviewed,No rich-result eligibility claimed,,
after,https://presentations.kujolang.ai/sales/3/,"[""WebPage""]",1,True,reviewed,No rich-result eligibility claimed,,
after,https://presentations.kujolang.ai/sales/4/,"[""WebPage""]",1,True,reviewed,No rich-result eligibility claimed,,
after,https://presentations.kujolang.ai/sales/404.html,[],0,True,not present,No rich-result eligibility claimed,,
after,https://presentations.kujolang.ai/sales/5/,"[""WebPage""]",1,True,reviewed,No rich-result eligibility claimed,,
after,https://presentations.kujolang.ai/sales/6/,"[""WebPage""]",1,True,reviewed,No rich-result eligibility claimed,,
after,https://presentations.kujolang.ai/sales/7/,"[""WebPage""]",1,True,reviewed,No rich-result eligibility claimed,,
after,https://presentations.kujolang.ai/sales/8/,"[""WebPage""]",1,True,reviewed,No rich-result eligibility claimed,,
after,https://presentations.kujolang.ai/sales/9/,"[""WebPage""]",1,True,reviewed,No rich-result eligibility claimed,,
after,https://presentations.kujolang.ai/sales/,"[""WebPage""]",1,True,reviewed,No rich-result eligibility claimed,,
after,https://presentations.kujolang.ai/sales/presenter/,"[""WebPage""]",1,True,reviewed,No rich-result eligibility claimed,,
after,https://presentations.kujolang.ai/sales/print/,"[""WebPage""]",1,True,reviewed,No rich-result eligibility claimed,,
after,https://presentations.kujolang.ai/sales/reading/,"[""WebPage""]",1,True,reviewed,No rich-result eligibility claimed,,
