phase,source_url,destination_url,link_type,anchor_text,http_status,evidence,recommended_action
baseline,https://presentations.robertdevore.com/blog/,https://presentations.robertdevore.com/blog/1/,internal,Start presentation ↗,404,local HTTP,correct route or relative path
baseline,https://presentations.robertdevore.com/blog/,https://presentations.robertdevore.com/blog/1/,internal,"FORM / MEDIA A new perspective 1 / 9 Innovating media
for a digital age We connect bold ideas with curious audiences. Independent thinking. Meaningful stories. Made for the way the world moves. Original stories every month 150+ Creative collaborators 78 People in our community 80k Form Media / Strategy & vision / Demo edition 1 1 Innovating media
for a digital age",404,local HTTP,correct route or relative path
baseline,https://presentations.robertdevore.com/blog/,https://presentations.robertdevore.com/blog/2/,internal,"FORM / MEDIA The bigger picture 2 / 9 Presentation
content index From a shared challenge to a lasting impact. A closer look at the ideas, people and possibilities shaping our next chapter. 01 The challenge Understanding a changing media landscape. 02 Our approach A considered response. A clear direction. 03 The opportunity Meeting audiences where they are. 04 Our difference Independent ideas that move culture. 05 How we grow A sustainable model for meaningful work. 06 What comes next Content for every viewer, everywhere. Form Media / Strategy & vision / Demo edition 2 2 Presentation
content index",404,local HTTP,correct route or relative path
baseline,https://presentations.robertdevore.com/blog/,https://presentations.robertdevore.com/blog/3/,internal,"FORM / MEDIA 01 / The challenge 3 / 9 Problem
statement More content. Less connection. The media landscape has never been louder—or harder to navigate. 01 Attention is fragmented Audiences move between platforms, while stories struggle to travel with them. 02 Trust needs to be earned Consistency, context and a human point of view matter more than volume. 03 One size does not fit all Different communities deserve stories that reflect their lives. Form Media / Strategy & vision / Demo edition 3 3 Problem
statement",404,local HTTP,correct route or relative path
baseline,https://presentations.robertdevore.com/blog/,https://presentations.robertdevore.com/blog/4/,internal,"FORM / MEDIA 02 / Our approach 4 / 9 Build with intention. We bring editorial care and creative experimentation together to make work that stays with people. 01 Start with people Listen closely. Understand what a community needs before making something for it. 02 Make every format count Translate a strong idea across film, audio and digital experiences. 03 Learn and improve Use audience feedback to inform the next story, not to repeat the last one. Our solutions for
lasting impact Form Media / Strategy & vision / Demo edition 4 4 Our solutions for
lasting impact",404,local HTTP,correct route or relative path
baseline,https://presentations.robertdevore.com/blog/,https://presentations.robertdevore.com/blog/5/,internal,"FORM / MEDIA 03 / The opportunity 5 / 9 Market opportunity A connected generation is choosing media on its own terms. There is room for a more thoughtful kind of publisher. Video 74% Audio 48% Editorial 62% Community 88% Illustrative audience interest by format · Demo data, not research of our demo audience wants more relevant stories 98% Form Media / Strategy & vision / Demo edition 5 5 Market opportunity",404,local HTTP,correct route or relative path
baseline,https://presentations.robertdevore.com/blog/,https://presentations.robertdevore.com/blog/6/,internal,"FORM / MEDIA 04 / Our difference 6 / 9 Unique value
proposition Independent perspective. Connected thinking. A creative partner that sees the whole picture and cares about every detail. 01 Human by design Stories built around real people, meaningful questions and lived experience. 02 Culture in context We make room for nuance and bring fresh perspectives to familiar subjects. 03 Built to connect Each format opens a different door into the same compelling idea. 04 Lasting relevance Careful craft and a clear point of view give our work a longer life. Form Media / Strategy & vision / Demo edition 6 6 Unique value
proposition",404,local HTTP,correct route or relative path
baseline,https://presentations.robertdevore.com/blog/,https://presentations.robertdevore.com/blog/7/,internal,"FORM / MEDIA 05 / How we grow 7 / 9 Business
model A balanced model that supports independent creativity and shared, sustainable growth. 01 Membership A closer connection through exclusive stories, conversations and experiences. 02 Creative partnerships Collaborative campaigns for brands that share our curiosity and values. 03 Licensing & distribution Original formats and stories that travel to new audiences and platforms. Form Media / Strategy & vision / Demo edition 7 7 Business
model",404,local HTTP,correct route or relative path
baseline,https://presentations.robertdevore.com/blog/,https://presentations.robertdevore.com/blog/8/,internal,"FORM / MEDIA 06 / People first 8 / 9 curious minds, one growing community 80k+ 01 Personal relevance Explore subjects that connect with your interests. 02 Room for discovery Find a new voice beyond the familiar. Curating content
for every viewer The right story, in the right format, at the right moment. Discover something that feels made for you. Form Media / Strategy & vision / Demo edition 8 8 Curating content
for every viewer",404,local HTTP,correct route or relative path
baseline,https://presentations.robertdevore.com/blog/,https://presentations.robertdevore.com/blog/9/,internal,"FORM / MEDIA 07 / Many ways in 9 / 9 Diverse media
offerings Watch. Listen. Read. Participate. Different ways to experience the stories that bring us together. Original editorial formats 12 Creative voices 40+ 01 One perspective.
Many possibilities. A connected world of ideas, open to everyone. Form Media / Strategy & vision / Demo edition 9 9 Diverse media
offerings",404,local HTTP,correct route or relative path
baseline,https://presentations.robertdevore.com/blog/,https://presentations.robertdevore.com/blog/reading/,internal,Read the complete deck as text →,404,local HTTP,correct route or relative path
