phase,url,source_file,page_type,primary_purpose,search_intent,target_audience,central_entity,primary_query_theme,supporting_topics,h1,heading_structure,word_count,published_date,modified_date,first_hand_signals,content_gap,competing_internal_url,recommended_action
after,https://presentations.robertdevore.com/1/,1/index.html,slide,Fictional media-strategy presentation demo,Explore a Kujo presentation example,Presentation authors and agents,Kujo Presentations reference demo; fictional FORM / MEDIA,"Innovating media
for a digital age",Static slides; editorial layout; media strategy,"Innovating media
for a digital age","[[""h1"", ""Innovating media\nfor a digital age""]]",101,,,Working locally generated browser demo,Illustrative claims are not research; no author credentials or dates invented,,Retain demo disclosure and visible text edition
after,https://presentations.robertdevore.com/2/,2/index.html,slide,Fictional media-strategy presentation demo,Explore a Kujo presentation example,Presentation authors and agents,Kujo Presentations reference demo; fictional FORM / MEDIA,"Presentation
content index",Static slides; editorial layout; media strategy,"Presentation
content index","[[""h1"", ""Presentation\ncontent index""], [""h2"", ""The challenge""], [""h2"", ""Our approach""], [""h2"", ""The opportunity""], [""h2"", ""Our difference""], [""h2"", ""How we grow""], [""h2"", ""What comes next""]]",137,,,Working locally generated browser demo,Illustrative claims are not research; no author credentials or dates invented,,Retain demo disclosure and visible text edition
after,https://presentations.robertdevore.com/3/,3/index.html,slide,Fictional media-strategy presentation demo,Explore a Kujo presentation example,Presentation authors and agents,Kujo Presentations reference demo; fictional FORM / MEDIA,"Problem
statement",Static slides; editorial layout; media strategy,"Problem
statement","[[""h1"", ""Problem\nstatement""], [""h2"", ""Attention is fragmented""], [""h2"", ""Trust needs to be earned""], [""h2"", ""One size does not fit all""]]",125,,,Working locally generated browser demo,Illustrative claims are not research; no author credentials or dates invented,,Retain demo disclosure and visible text edition
after,https://presentations.robertdevore.com/4/,4/index.html,slide,Fictional media-strategy presentation demo,Explore a Kujo presentation example,Presentation authors and agents,Kujo Presentations reference demo; fictional FORM / MEDIA,"Our solutions for
lasting impact",Static slides; editorial layout; media strategy,"Our solutions for
lasting impact","[[""h2"", ""Start with people""], [""h2"", ""Make every format count""], [""h2"", ""Learn and improve""], [""h1"", ""Our solutions for\nlasting impact""]]",136,,,Working locally generated browser demo,Illustrative claims are not research; no author credentials or dates invented,,Retain demo disclosure and visible text edition
after,https://presentations.robertdevore.com/404.html,404.html,404.html,Utility / error document,Explore a Kujo presentation example,Presentation authors and agents,Kujo Presentations reference demo; fictional FORM / MEDIA,Slide not found,Static slides; editorial layout; media strategy,Slide not found,"[[""h1"", ""Slide not found""]]",18,,,Working locally generated browser demo,Illustrative claims are not research; no author credentials or dates invented,,Retain demo disclosure and visible text edition
after,https://presentations.robertdevore.com/5/,5/index.html,slide,Fictional media-strategy presentation demo,Explore a Kujo presentation example,Presentation authors and agents,Kujo Presentations reference demo; fictional FORM / MEDIA,Market opportunity,Static slides; editorial layout; media strategy,Market opportunity,"[[""h1"", ""Market opportunity""]]",110,,,Working locally generated browser demo,Illustrative claims are not research; no author credentials or dates invented,,Retain demo disclosure and visible text edition
after,https://presentations.robertdevore.com/6/,6/index.html,slide,Fictional media-strategy presentation demo,Explore a Kujo presentation example,Presentation authors and agents,Kujo Presentations reference demo; fictional FORM / MEDIA,"Unique value
proposition",Static slides; editorial layout; media strategy,"Unique value
proposition","[[""h1"", ""Unique value\nproposition""], [""h2"", ""Human by design""], [""h2"", ""Culture in context""], [""h2"", ""Built to connect""], [""h2"", ""Lasting relevance""]]",144,,,Working locally generated browser demo,Illustrative claims are not research; no author credentials or dates invented,,Retain demo disclosure and visible text edition
after,https://presentations.robertdevore.com/7/,7/index.html,slide,Fictional media-strategy presentation demo,Explore a Kujo presentation example,Presentation authors and agents,Kujo Presentations reference demo; fictional FORM / MEDIA,"Business
model",Static slides; editorial layout; media strategy,"Business
model","[[""h1"", ""Business\nmodel""], [""h2"", ""Membership""], [""h2"", ""Creative partnerships""], [""h2"", ""Licensing & distribution""]]",114,,,Working locally generated browser demo,Illustrative claims are not research; no author credentials or dates invented,,Retain demo disclosure and visible text edition
after,https://presentations.robertdevore.com/8/,8/index.html,slide,Fictional media-strategy presentation demo,Explore a Kujo presentation example,Presentation authors and agents,Kujo Presentations reference demo; fictional FORM / MEDIA,"Curating content
for every viewer",Static slides; editorial layout; media strategy,"Curating content
for every viewer","[[""h2"", ""Personal relevance""], [""h2"", ""Room for discovery""], [""h1"", ""Curating content\nfor every viewer""]]",114,,,Working locally generated browser demo,Illustrative claims are not research; no author credentials or dates invented,,Retain demo disclosure and visible text edition
after,https://presentations.robertdevore.com/9/,9/index.html,slide,Fictional media-strategy presentation demo,Explore a Kujo presentation example,Presentation authors and agents,Kujo Presentations reference demo; fictional FORM / MEDIA,"Diverse media
offerings",Static slides; editorial layout; media strategy,"Diverse media
offerings","[[""h1"", ""Diverse media\nofferings""], [""h2"", ""One perspective.\nMany possibilities.""]]",100,,,Working locally generated browser demo,Illustrative claims are not research; no author credentials or dates invented,,Retain demo disclosure and visible text edition
after,https://presentations.robertdevore.com/,index.html,overview,Fictional media-strategy presentation demo,Explore a Kujo presentation example,Presentation authors and agents,Kujo Presentations reference demo; fictional FORM / MEDIA,A new perspective on media,Static slides; editorial layout; media strategy,A new perspective on media,"[[""h1"", ""A new perspective on media""]]",797,,,Working locally generated browser demo,Illustrative claims are not research; no author credentials or dates invented,,Retain demo disclosure and visible text edition
after,https://presentations.robertdevore.com/presenter/,presenter/index.html,presenter,Utility / error document,Explore a Kujo presentation example,Presentation authors and agents,Kujo Presentations reference demo; fictional FORM / MEDIA,Presenter console,Static slides; editorial layout; media strategy,Presenter console,"[[""h1"", ""Presenter console""], [""h2"", ""Private speaker notes""], [""h2"", ""Elapsed time""]]",51,,,Working locally generated browser demo,Illustrative claims are not research; no author credentials or dates invented,,Retain demo disclosure and visible text edition
after,https://presentations.robertdevore.com/print/,print/index.html,print,Utility / error document,Explore a Kujo presentation example,Presentation authors and agents,Kujo Presentations reference demo; fictional FORM / MEDIA,"Innovating media
for a digital age | Presentation
content index | Problem
statement | Our solutions for
lasting impact | Market opportunity | Unique value
proposition | Business
model | Curating content
for every viewer | Diverse media
offerings",Static slides; editorial layout; media strategy,"Innovating media
for a digital age | Presentation
content index | Problem
statement | Our solutions for
lasting impact | Market opportunity | Unique value
proposition | Business
model | Curating content
for every viewer | Diverse media
offerings","[[""h1"", ""Innovating media\nfor a digital age""], [""h1"", ""Presentation\ncontent index""], [""h2"", ""The challenge""], [""h2"", ""Our approach""], [""h2"", ""The opportunity""], [""h2"", ""Our difference""], [""h2"", ""How we grow""], [""h2"", ""What comes next""], [""h1"", ""Problem\nstatement""], [""h2"", ""Attention is fragmented""], [""h2"", ""Trust needs to be earned""], [""h2"", ""One size does not fit all""], [""h2"", ""Start with people""], [""h2"", ""Make every format count""], [""h2"", ""Learn and improve""], [""h1"", ""Our solutions for\nlasting impact""], [""h1"", ""Market opportunity""], [""h1"", ""Unique value\nproposition""], [""h2"", ""Human by design""], [""h2"", ""Culture in context""], [""h2"", ""Built to connect""], [""h2"", ""Lasting relevance""], [""h1"", ""Business\nmodel""], [""h2"", ""Membership""], [""h2"", ""Creative partnerships""], [""h2"", ""Licensing & distribution""], [""h2"", ""Personal relevance""], [""h2"", ""Room for discovery""], [""h1"", ""Curating content\nfor every viewer""], [""h1"", ""Diverse media\nofferings""], [""h2"", ""One perspective.\nMany possibilities.""]]",709,,,Working locally generated browser demo,Illustrative claims are not research; no author credentials or dates invented,,Retain demo disclosure and visible text edition
after,https://presentations.robertdevore.com/reading/,reading/index.html,reading,Fictional media-strategy presentation demo,Explore a Kujo presentation example,Presentation authors and agents,Kujo Presentations reference demo; fictional FORM / MEDIA,A new perspective on media,Static slides; editorial layout; media strategy,A new perspective on media,"[[""h1"", ""A new perspective on media""], [""h2"", ""1. Innovating media\nfor a digital age""], [""h2"", ""2. Presentation\ncontent index""], [""h3"", ""The challenge""], [""h3"", ""Our approach""], [""h3"", ""The opportunity""], [""h3"", ""Our difference""], [""h3"", ""How we grow""], [""h3"", ""What comes next""], [""h2"", ""3. Problem\nstatement""], [""h3"", ""Attention is fragmented""], [""h3"", ""Trust needs to be earned""], [""h3"", ""One size does not fit all""], [""h2"", ""4. Our solutions for\nlasting impact""], [""h3"", ""Start with people""], [""h3"", ""Make every format count""], [""h3"", ""Learn and improve""], [""h2"", ""5. Market opportunity""], [""h2"", ""6. Unique value\nproposition""], [""h3"", ""Human by design""], [""h3"", ""Culture in context""], [""h3"", ""Built to connect""], [""h3"", ""Lasting relevance""], [""h2"", ""7. Business\nmodel""], [""h3"", ""Membership""], [""h3"", ""Creative partnerships""], [""h3"", ""Licensing & distribution""], [""h2"", ""8. Curating content\nfor every viewer""], [""h3"", ""Personal relevance""], [""h3"", ""Room for discovery""], [""h2"", ""9. Diverse media\nofferings""], [""h3"", ""One perspective.\nMany possibilities.""]]",712,,,Working locally generated browser demo,Illustrative claims are not research; no author credentials or dates invented,,Retain demo disclosure and visible text edition
